lemma,category,gender,notes,source
alt,adjective,,,cefr_a1
aufgeführt,adjective,,,cefr_a1
ausländisch,adjective,,,cefr_a1
beruflich,adjective,,,cefr_a1
beschrieben,adjective,,,cefr_a1
blau,adjective,,,cefr_a1
dritter,adjective,,,cefr_a1
eigen,adjective,,,cefr_a1
einfach,adjective,,,cefr_a1
eingerückt,adjective,,,cefr_a1
elementar,adjective,,,cefr_a1
erster,adjective,,,cefr_a1
europäisch,adjective,,,cefr_a1
folgend,adjective,,,cefr_a1
freundlich,adjective,,,cefr_a1
geehrt,adjective,,,cefr_a1
gefordert,adjective,,,cefr_a1
geschrieben,adjective,,,cefr_a1
gesprochen,adjective,,,cefr_a1
gleich,adjective,,,cefr_a1
groß,adjective,,,cefr_a1
gut,adjective,,,cefr_a1
günstig,adjective,,,cefr_a1
idiomatisch,adjective,,,cefr_a1
klein,adjective,,,cefr_a1
kulturell,adjective,,,cefr_a1
kurz,adjective,,,cefr_a1
letzter,adjective,,,cefr_a1
lexikalisch,adjective,,,cefr_a1
liegend,adjective,,,cefr_a1
linker,adjective,,,cefr_a1
neu,adjective,,,cefr_a1
notwendig,adjective,,,cefr_a1
nächster,adjective,,,cefr_a1
persönliche,adjective,,,cefr_a1
privat,adjective,,,cefr_a1
rechter,adjective,,,cefr_a1
rquezn,adjective,,,cefr_a1
ruhig,adjective,,,cefr_a1
schlecht,adjective,,,cefr_a1
schwer,adjective,,,cefr_a1
schön,adjective,,,cefr_a1
technisch,adjective,,,cefr_a1
vierter,adjective,,,cefr_a1
vorliegend,adjective,,,cefr_a1
wichtig,adjective,,,cefr_a1
zentral,adjective,,,cefr_a1
zweiter,adjective,,,cefr_a1
öffentlich,adjective,,,cefr_a1
österreichisch,adjective,,,cefr_a1
abend,adverb,,,cefr_a1
aktiv,adverb,,,cefr_a1
allein,adverb,,,cefr_a1
also,adverb,,,cefr_a1
alt,adverb,,,cefr_a1
ander,adverb,,,cefr_a1
anders,adverb,,,cefr_a1
arbeitslos,adverb,,,cefr_a1
auch,adverb,,,cefr_a1
ausländisch,adverb,,,cefr_a1
automatisch,adverb,,,cefr_a1
außerdem,adverb,,,cefr_a1
bald,adverb,,,cefr_a1
bar,adverb,,,cefr_a1
beispielsweise,adverb,,,cefr_a1
bekannt,adverb,,,cefr_a1
billig,adverb,,,cefr_a1
bisschen,adverb,,,cefr_a1
bitte,adverb,,,cefr_a1
bitter,adverb,,,cefr_a1
blau,adverb,,,cefr_a1
breit,adverb,,,cefr_a1
böse,adverb,,,cefr_a1
circa,adverb,,,cefr_a1
da,adverb,,,cefr_a1
dabei,adverb,,,cefr_a1
daneben,adverb,,,cefr_a1
dann,adverb,,,cefr_a1
daran,adverb,,,cefr_a1
darunter,adverb,,,cefr_a1
dazu,adverb,,,cefr_a1
deshalb,adverb,,,cefr_a1
didaktisch,adverb,,,cefr_a1
dort,adverb,,,cefr_a1
dorthin,adverb,,,cefr_a1
draußen,adverb,,,cefr_a1
drück,adverb,,,cefr_a1
eignen,adverb,,,cefr_a1
eilig,adverb,,,cefr_a1
einfach,adverb,,,cefr_a1
einmal,adverb,,,cefr_a1
einundzwanzig,adverb,,,cefr_a1
erschließbar,adverb,,,cefr_a1
erst,adverb,,,cefr_a1
erstmals,adverb,,,cefr_a1
erziehungs,adverb,,,cefr_a1
etwa,adverb,,,cefr_a1
europäisch,adverb,,,cefr_a1
falsch,adverb,,,cefr_a1
fertig,adverb,,,cefr_a1
finnisch,adverb,,,cefr_a1
fliegst,adverb,,,cefr_a1
frei,adverb,,,cefr_a1
freitags,adverb,,,cefr_a1
fremd,adverb,,,cefr_a1
früh,adverb,,,cefr_a1
ganz,adverb,,,cefr_a1
gelb,adverb,,,cefr_a1
gemeinsamer,adverb,,,cefr_a1
gerade,adverb,,,cefr_a1
geradeaus,adverb,,,cefr_a1
gern,adverb,,,cefr_a1
gerne,adverb,,,cefr_a1
gestern,adverb,,,cefr_a1
gib,adverb,,,cefr_a1
gleich,adverb,,,cefr_a1
glücklich,adverb,,,cefr_a1
grau,adverb,,,cefr_a1
groß,adverb,,,cefr_a1
grün,adverb,,,cefr_a1
gut,adverb,,,cefr_a1
gültig,adverb,,,cefr_a1
günstig,adverb,,,cefr_a1
halb,adverb,,,cefr_a1
hell,adverb,,,cefr_a1
her,adverb,,,cefr_a1
heran,adverb,,,cefr_a1
herzlich,adverb,,,cefr_a1
heute,adverb,,,cefr_a1
hier,adverb,,,cefr_a1
hin,adverb,,,cefr_a1
hingegen,adverb,,,cefr_a1
hinten,adverb,,,cefr_a1
hoch,adverb,,,cefr_a1
häufig,adverb,,,cefr_a1
immer,adverb,,,cefr_a1
interessiert,adverb,,,cefr_a1
international,adverb,,,cefr_a1
ja,adverb,,,cefr_a1
jetzt,adverb,,,cefr_a1
jung,adverb,,,cefr_a1
kalt,adverb,,,cefr_a1
kaputt,adverb,,,cefr_a1
klar,adverb,,,cefr_a1
klein,adverb,,,cefr_a1
komm,adverb,,,cefr_a1
krank,adverb,,,cefr_a1
kulturell,adverb,,,cefr_a1
kurz,adverb,,,cefr_a1
lang,adverb,,,cefr_a1
lange,adverb,,,cefr_a1
langsam,adverb,,,cefr_a1
ledig,adverb,,,cefr_a1
leicht,adverb,,,cefr_a1
leider,adverb,,,cefr_a1
leise,adverb,,,cefr_a1
letzt,adverb,,,cefr_a1
lieb,adverb,,,cefr_a1
links,adverb,,,cefr_a1
lustig,adverb,,,cefr_a1
magst,adverb,,,cefr_a1
mal,adverb,,,cefr_a1
mehr,adverb,,,cefr_a1
meist,adverb,,,cefr_a1
meistens,adverb,,,cefr_a1
mexikanisch,adverb,,,cefr_a1
modern,adverb,,,cefr_a1
morgen,adverb,,,cefr_a1
morgens,adverb,,,cefr_a1
männlich,adverb,,,cefr_a1
möglich,adverb,,,cefr_a1
müde,adverb,,,cefr_a1
neu,adverb,,,cefr_a1
neunzehnhundertneunundneunzig,adverb,,,cefr_a1
nie,adverb,,,cefr_a1
nimm,adverb,,,cefr_a1
noch,adverb,,,cefr_a1
normal,adverb,,,cefr_a1
nur,adverb,,,cefr_a1
nächst,adverb,,,cefr_a1
oben,adverb,,,cefr_a1
oft,adverb,,,cefr_a1
passiv,adverb,,,cefr_a1
pünktlich,adverb,,,cefr_a1
raus,adverb,,,cefr_a1
rechts,adverb,,,cefr_a1
relevant,adverb,,,cefr_a1
richtig,adverb,,,cefr_a1
rot,adverb,,,cefr_a1
ruhig,adverb,,,cefr_a1
russisch,adverb,,,cefr_a1
samstags,adverb,,,cefr_a1
schlecht,adverb,,,cefr_a1
schmecken,adverb,,,cefr_a1
schnell,adverb,,,cefr_a1
schon,adverb,,,cefr_a1
schwarz,adverb,,,cefr_a1
schwer,adverb,,,cefr_a1
schön,adverb,,,cefr_a1
sehr,adverb,,,cefr_a1
selbstständig,adverb,,,cefr_a1
sinntragend,adverb,,,cefr_a1
so,adverb,,,cefr_a1
sofort,adverb,,,cefr_a1
spät,adverb,,,cefr_a1
stell,adverb,,,cefr_a1
telc,adverb,,,cefr_a1
teuer,adverb,,,cefr_a1
tot,adverb,,,cefr_a1
türkisch,adverb,,,cefr_a1
unerlässlich,adverb,,,cefr_a1
unten,adverb,,,cefr_a1
vielleicht,adverb,,,cefr_a1
warum,adverb,,,cefr_a1
weg,adverb,,,cefr_a1
weh,adverb,,,cefr_a1
weiblich,adverb,,,cefr_a1
weit,adverb,,,cefr_a1
weiter,adverb,,,cefr_a1
welcher,adverb,,,cefr_a1
wem,adverb,,,cefr_a1
wichtig,adverb,,,cefr_a1
wie,adverb,,,cefr_a1
willkommen,adverb,,,cefr_a1
wohin,adverb,,,cefr_a1
wunderbar,adverb,,,cefr_a1
zufrieden,adverb,,,cefr_a1
zugrunde,adverb,,,cefr_a1
zunächst,adverb,,,cefr_a1
zurück,adverb,,,cefr_a1
zusammen,adverb,,,cefr_a1
zusätzlich,adverb,,,cefr_a1
all,article,,,cefr_a1
aller,article,,,cefr_a1
dein,article,,,cefr_a1
deine,article,,,cefr_a1
der,article,,,cefr_a1
dieser,article,,,cefr_a1
ein,article,,,cefr_a1
euer,article,,,cefr_a1
ihr,article,,,cefr_a1
jeder,article,,,cefr_a1
kein,article,,,cefr_a1
mein,article,,,cefr_a1
nen,article,,,cefr_a1
paar,article,,,cefr_a1
sein,article,,,cefr_a1
solcher,article,,,cefr_a1
unser,article,,,cefr_a1
viel,article,,,cefr_a1
welcher,article,,,cefr_a1
aber,conjunction,,,cefr_a1
bis,conjunction,,,cefr_a1
da,conjunction,,,cefr_a1
denn,conjunction,,,cefr_a1
doch,conjunction,,,cefr_a1
möchtest,conjunction,,,cefr_a1
noch,conjunction,,,cefr_a1
oder,conjunction,,,cefr_a1
plus,conjunction,,,cefr_a1
seit,conjunction,,,cefr_a1
um,conjunction,,,cefr_a1
und,conjunction,,,cefr_a1
wann,conjunction,,,cefr_a1
warum,conjunction,,,cefr_a1
wenn,conjunction,,,cefr_a1
wo,conjunction,,,cefr_a1
woher,conjunction,,,cefr_a1
abend,noun,,,cefr_a1
abfahrt,noun,,,cefr_a1
abflug,noun,,,cefr_a1
absender,noun,,,cefr_a1
achtung,noun,,,cefr_a1
adresse,noun,,,cefr_a1
alter,noun,,,cefr_a1
anfang,noun,,,cefr_a1
angabe,noun,,,cefr_a1
angebot,noun,,,cefr_a1
ankunft,noun,,,cefr_a1
anmeldung,noun,,,cefr_a1
anrede,noun,,,cefr_a1
anruf,noun,,,cefr_a1
anrufbeantworter,noun,,,cefr_a1
ansag,noun,,,cefr_a1
ansage,noun,,,cefr_a1
anschluss,noun,,,cefr_a1
anspruchsniveau,noun,,,cefr_a1
antwort,noun,,,cefr_a1
antwortboge,noun,,,cefr_a1
anzeige,noun,,,cefr_a1
apartment,noun,,,cefr_a1
apfel,noun,,,cefr_a1
apfelsaft,noun,,,cefr_a1
apotheke,noun,,,cefr_a1
appetit,noun,,,cefr_a1
april,noun,,,cefr_a1
arbeit,noun,,,cefr_a1
arbeiter,noun,,,cefr_a1
arbeitsfassung,noun,,,cefr_a1
arbeitsplatz,noun,,,cefr_a1
arm,noun,,,cefr_a1
arzt,noun,,,cefr_a1
association,noun,,,cefr_a1
ation,noun,,,cefr_a1
aufgabe,noun,,,cefr_a1
aufgenom,noun,,,cefr_a1
aufgenomma,noun,,,cefr_a1
auflage,noun,,,cefr_a1
auftrag,noun,,,cefr_a1
aufzug,noun,,,cefr_a1
auge,noun,,,cefr_a1
ausbildung,noun,,,cefr_a1
ausdruck,noun,,,cefr_a1
ausflug,noun,,,cefr_a1
ausgabe,noun,,,cefr_a1
ausgang,noun,,,cefr_a1
auskunft,noun,,,cefr_a1
ausland,noun,,,cefr_a1
auslandsvertretung,noun,,,cefr_a1
ausländer,noun,,,cefr_a1
ausländerin,noun,,,cefr_a1
aussage,noun,,,cefr_a1
aussehen,noun,,,cefr_a1
aussteigen,noun,,,cefr_a1
auswahl,noun,,,cefr_a1
ausweis,noun,,,cefr_a1
auszug,noun,,,cefr_a1
auto,noun,,,cefr_a1
autobahn,noun,,,cefr_a1
automat,noun,,,cefr_a1
bahn,noun,,,cefr_a1
bahnhof,noun,,,cefr_a1
bahnhofstraße,noun,,,cefr_a1
bahnsteig,noun,,,cefr_a1
balkon,noun,,,cefr_a1
banane,noun,,,cefr_a1
bank,noun,,,cefr_a1
bauch,noun,,,cefr_a1
baum,noun,,,cefr_a1
beamter,noun,,,cefr_a1
beamtin,noun,,,cefr_a1
beantworter,noun,,,cefr_a1
bedeutung,noun,,,cefr_a1
beherr,noun,,,cefr_a1
bein,noun,,,cefr_a1
beispielsätz,noun,,,cefr_a1
bekannte,noun,,,cefr_a1
bekannter,noun,,,cefr_a1
bereich,noun,,,cefr_a1
berghaus,noun,,,cefr_a1
beruf,noun,,,cefr_a1
bestandteil,noun,,,cefr_a1
besuch,noun,,,cefr_a1
bett,noun,,,cefr_a1
bewohner,noun,,,cefr_a1
bewältigung,noun,,,cefr_a1
beziehung,noun,,,cefr_a1
bier,noun,,,cefr_a1
bild,noun,,,cefr_a1
bildung,noun,,,cefr_a1
birne,noun,,,cefr_a1
bleistift,noun,,,cefr_a1
blick,noun,,,cefr_a1
blume,noun,,,cefr_a1
bogen,noun,,,cefr_a1
breite,noun,,,cefr_a1
brief,noun,,,cefr_a1
briefmarke,noun,,,cefr_a1
broschüre,noun,,,cefr_a1
brot,noun,,,cefr_a1
bruder,noun,,,cefr_a1
brötchen,noun,,,cefr_a1
buch,noun,,,cefr_a1
buchladen,noun,,,cefr_a1
buchstabe,noun,,,cefr_a1
bundesministerium,noun,,,cefr_a1
bundesrepublik,noun,,,cefr_a1
bung,noun,,,cefr_a1
bus,noun,,,cefr_a1
butter,noun,,,cefr_a1
bäckerei,noun,,,cefr_a1
büro,noun,,,cefr_a1
caf,noun,,,cefr_a1
cd,noun,,,cefr_a1
celsius,noun,,,cefr_a1
cent,noun,,,cefr_a1
chef,noun,,,cefr_a1
chefin,noun,,,cefr_a1
computer,noun,,,cefr_a1
dame,noun,,,cefr_a1
danke,noun,,,cefr_a1
deut,noun,,,cefr_a1
deutsche,noun,,,cefr_a1
deutschkurs,noun,,,cefr_a1
deutschlehrerin,noun,,,cefr_a1
deutschprüfung,noun,,,cefr_a1
dezember,noun,,,cefr_a1
dienstag,noun,,,cefr_a1
dienstleistung,noun,,,cefr_a1
disco,noun,,,cefr_a1
disko,noun,,,cefr_a1
doktor,noun,,,cefr_a1
dom,noun,,,cefr_a1
donnerstag,noun,,,cefr_a1
doppelzimmer,noun,,,cefr_a1
dorf,noun,,,cefr_a1
drucker,noun,,,cefr_a1
dung,noun,,,cefr_a1
durchsage,noun,,,cefr_a1
durst,noun,,,cefr_a1
dusche,noun,,,cefr_a1
duschen,noun,,,cefr_a1
e-mail,noun,,,cefr_a1
ecke,noun,,,cefr_a1
ehe,noun,,,cefr_a1
ehefrau,noun,,,cefr_a1
ehemann,noun,,,cefr_a1
ei,noun,,,cefr_a1
eingang,noun,,,cefr_a1
einkaufen,noun,,,cefr_a1
einladung,noun,,,cefr_a1
einrichtung,noun,,,cefr_a1
eintrag,noun,,,cefr_a1
eintritt,noun,,,cefr_a1
eintrittskarte,noun,,,cefr_a1
einzelzimmer,noun,,,cefr_a1
eltern,noun,,,cefr_a1
empfänger,noun,,,cefr_a1
ende,noun,,,cefr_a1
entschuldigen,noun,,,cefr_a1
entschuldigung,noun,,,cefr_a1
ergebnis,noun,,,cefr_a1
erwachsene,noun,,,cefr_a1
erziehung,noun,,,cefr_a1
euro,noun,,,cefr_a1
europäer,noun,,,cefr_a1
fahren,noun,,,cefr_a1
fahrer,noun,,,cefr_a1
fahrkarte,noun,,,cefr_a1
fahrrad,noun,,,cefr_a1
fahrt,noun,,,cefr_a1
familie,noun,,,cefr_a1
familienname,noun,,,cefr_a1
familiennamen,noun,,,cefr_a1
familienstand,noun,,,cefr_a1
farbe,noun,,,cefr_a1
fax,noun,,,cefr_a1
februar,noun,,,cefr_a1
fehler,noun,,,cefr_a1
feier,noun,,,cefr_a1
feierabend,noun,,,cefr_a1
feiertag,noun,,,cefr_a1
fenster,noun,,,cefr_a1
fernsehen,noun,,,cefr_a1
festigung,noun,,,cefr_a1
feuer,noun,,,cefr_a1
fieber,noun,,,cefr_a1
film,noun,,,cefr_a1
finne,noun,,,cefr_a1
firma,noun,,,cefr_a1
fisch,noun,,,cefr_a1
flasche,noun,,,cefr_a1
fleisch,noun,,,cefr_a1
flughafen,noun,,,cefr_a1
flugzeug,noun,,,cefr_a1
form,noun,,,cefr_a1
formular,noun,,,cefr_a1
foto,noun,,,cefr_a1
frage,noun,,,cefr_a1
französisch,noun,,,cefr_a1
frau,noun,,,cefr_a1
freitag,noun,,,cefr_a1
freizeit,noun,,,cefr_a1
fremdsprache,noun,,,cefr_a1
frequenzkriterie,noun,,,cefr_a1
freund,noun,,,cefr_a1
freundin,noun,,,cefr_a1
frühjahr,noun,,,cefr_a1
frühling,noun,,,cefr_a1
frühstück,noun,,,cefr_a1
fuß,noun,,,cefr_a1
fußball,noun,,,cefr_a1
fähigkeit,noun,,,cefr_a1
fährst,noun,,,cefr_a1
führung,noun,,,cefr_a1
füllen,noun,,,cefr_a1
garten,noun,,,cefr_a1
gast,noun,,,cefr_a1
gebrauchsartikel,noun,,,cefr_a1
geburtsdatum,noun,,,cefr_a1
geburtsjahr,noun,,,cefr_a1
geburtsort,noun,,,cefr_a1
geburtstag,noun,,,cefr_a1
gefallen,noun,,,cefr_a1
geld,noun,,,cefr_a1
gemüse,noun,,,cefr_a1
gepäck,noun,,,cefr_a1
geschenk,noun,,,cefr_a1
geschlecht,noun,,,cefr_a1
geschwister,noun,,,cefr_a1
geschäft,noun,,,cefr_a1
gespräch,noun,,,cefr_a1
getränk,noun,,,cefr_a1
gewicht,noun,,,cefr_a1
gewohnheit,noun,,,cefr_a1
glaboniat,noun,,,cefr_a1
glas,noun,,,cefr_a1
gleis,noun,,,cefr_a1
glück,noun,,,cefr_a1
glückwunsch,noun,,,cefr_a1
gmbh,noun,,,cefr_a1
grad,noun,,,cefr_a1
gramm,noun,,,cefr_a1
großelter,noun,,,cefr_a1
großmutter,noun,,,cefr_a1
großvater,noun,,,cefr_a1
grundbaustein,noun,,,cefr_a1
grundlage,noun,,,cefr_a1
grundstock,noun,,,cefr_a1
gruppe,noun,,,cefr_a1
gruß,noun,,,cefr_a1
größe,noun,,,cefr_a1
grüße,noun,,,cefr_a1
gute,noun,,,cefr_a1
haar,noun,,,cefr_a1
halbpension,noun,,,cefr_a1
halle,noun,,,cefr_a1
haltestelle,noun,,,cefr_a1
hand,noun,,,cefr_a1
handbuch,noun,,,cefr_a1
handy,noun,,,cefr_a1
haupt,noun,,,cefr_a1
haus,noun,,,cefr_a1
hausaufgabe,noun,,,cefr_a1
hausfrau,noun,,,cefr_a1
haushalt,noun,,,cefr_a1
hausmann,noun,,,cefr_a1
hausnummer,noun,,,cefr_a1
haustür,noun,,,cefr_a1
heimat,noun,,,cefr_a1
herbst,noun,,,cefr_a1
herd,noun,,,cefr_a1
herkunft,noun,,,cefr_a1
herr,noun,,,cefr_a1
herzlich,noun,,,cefr_a1
hilfe,noun,,,cefr_a1
himmelsrichtung,noun,,,cefr_a1
hin,noun,,,cefr_a1
hobby,noun,,,cefr_a1
hochzeit,noun,,,cefr_a1
hotel,noun,,,cefr_a1
hund,noun,,,cefr_a1
hunger,noun,,,cefr_a1
hähnchen,noun,,,cefr_a1
hälfte,noun,,,cefr_a1
hören,noun,,,cefr_a1
ice,noun,,,cefr_a1
information,noun,,,cefr_a1
interesse,noun,,,cefr_a1
interessent,noun,,,cefr_a1
internet,noun,,,cefr_a1
inventar,noun,,,cefr_a1
inventarlist,noun,,,cefr_a1
jacke,noun,,,cefr_a1
jahr,noun,,,cefr_a1
jahreszeit,noun,,,cefr_a1
januar,noun,,,cefr_a1
japaner,noun,,,cefr_a1
job,noun,,,cefr_a1
jugendliche,noun,,,cefr_a1
juli,noun,,,cefr_a1
junge,noun,,,cefr_a1
juni,noun,,,cefr_a1
kaffee,noun,,,cefr_a1
kannbeschreibung,noun,,,cefr_a1
kannst,noun,,,cefr_a1
karte,noun,,,cefr_a1
kartoffel,noun,,,cefr_a1
kasse,noun,,,cefr_a1
kategorie,noun,,,cefr_a1
kaufhaus,noun,,,cefr_a1
kaufst,noun,,,cefr_a1
kilo,noun,,,cefr_a1
kilometer,noun,,,cefr_a1
kind,noun,,,cefr_a1
kinderbetreuung,noun,,,cefr_a1
kinderbett,noun,,,cefr_a1
kindergarten,noun,,,cefr_a1
kino,noun,,,cefr_a1
kiosk,noun,,,cefr_a1
klasse,noun,,,cefr_a1
klassenzimmer,noun,,,cefr_a1
kleidung,noun,,,cefr_a1
klima,noun,,,cefr_a1
koffer,noun,,,cefr_a1
kollege,noun,,,cefr_a1
kollegin,noun,,,cefr_a1
kommunikation,noun,,,cefr_a1
kompendie,noun,,,cefr_a1
konferenz,noun,,,cefr_a1
konto,noun,,,cefr_a1
kopf,noun,,,cefr_a1
kredit,noun,,,cefr_a1
kreuze,noun,,,cefr_a1
kuchen,noun,,,cefr_a1
kugelschreiber,noun,,,cefr_a1
kultusminister,noun,,,cefr_a1
kunde,noun,,,cefr_a1
kundin,noun,,,cefr_a1
kurs,noun,,,cefr_a1
kurstag,noun,,,cefr_a1
käse,noun,,,cefr_a1
können,noun,,,cefr_a1
küche,noun,,,cefr_a1
kühlschrank,noun,,,cefr_a1
laden,noun,,,cefr_a1
land,noun,,,cefr_a1
lastkraftwage,noun,,,cefr_a1
leben,noun,,,cefr_a1
lebensmittel,noun,,,cefr_a1
lehrer,noun,,,cefr_a1
lehrerin,noun,,,cefr_a1
lehrmaterial,noun,,,cefr_a1
leid,noun,,,cefr_a1
lektüre,noun,,,cefr_a1
lernen,noun,,,cefr_a1
lernende,noun,,,cefr_a1
lernenden,noun,,,cefr_a1
lernzielbestimmung,noun,,,cefr_a1
lesetext,noun,,,cefr_a1
leute,noun,,,cefr_a1
level,noun,,,cefr_a1
licht,noun,,,cefr_a1
liebe,noun,,,cefr_a1
lieblings-cd,noun,,,cefr_a1
lieblingsfilm,noun,,,cefr_a1
lieblingsgetränk,noun,,,cefr_a1
lieblingslied,noun,,,cefr_a1
lied,noun,,,cefr_a1
linke,noun,,,cefr_a1
liste,noun,,,cefr_a1
liter,noun,,,cefr_a1
literatur,noun,,,cefr_a1
lkw,noun,,,cefr_a1
lokal,noun,,,cefr_a1
lokale,noun,,,cefr_a1
ländernam,noun,,,cefr_a1
mahlzeit,noun,,,cefr_a1
mai,noun,,,cefr_a1
mann,noun,,,cefr_a1
maschine,noun,,,cefr_a1
maß,noun,,,cefr_a1
medikament,noun,,,cefr_a1
meer,noun,,,cefr_a1
mensch,noun,,,cefr_a1
messeplatz,noun,,,cefr_a1
meter,noun,,,cefr_a1
mexikaner,noun,,,cefr_a1
mexikanerin,noun,,,cefr_a1
miete,noun,,,cefr_a1
mietverhältnis,noun,,,cefr_a1
milch,noun,,,cefr_a1
milliarde,noun,,,cefr_a1
million,noun,,,cefr_a1
minute,noun,,,cefr_a1
mittag,noun,,,cefr_a1
mittagspause,noun,,,cefr_a1
mitte,noun,,,cefr_a1
mittel,noun,,,cefr_a1
mittwoch,noun,,,cefr_a1
moment,noun,,,cefr_a1
monat,noun,,,cefr_a1
monatsname,noun,,,cefr_a1
montag,noun,,,cefr_a1
mund,noun,,,cefr_a1
museum,noun,,,cefr_a1
mutter,noun,,,cefr_a1
mädchen,noun,,,cefr_a1
märz,noun,,,cefr_a1
möbel,noun,,,cefr_a1
möchten,noun,,,cefr_a1
nachmittag,noun,,,cefr_a1
nacht,noun,,,cefr_a1
nachweis,noun,,,cefr_a1
nahrungsmittel,noun,,,cefr_a1
name,noun,,,cefr_a1
nationalität,noun,,,cefr_a1
nebeneintrag,noun,,,cefr_a1
nebeneinträge,noun,,,cefr_a1
neuankömmling,noun,,,cefr_a1
nikative,noun,,,cefr_a1
niveau,noun,,,cefr_a1
niveaustuf,noun,,,cefr_a1
nomen,noun,,,cefr_a1
norddeutschen,noun,,,cefr_a1
norden,noun,,,cefr_a1
november,noun,,,cefr_a1
nächsten,noun,,,cefr_a1
obst,noun,,,cefr_a1
oktober,noun,,,cefr_a1
opa,noun,,,cefr_a1
ordnung,noun,,,cefr_a1
ort,noun,,,cefr_a1
osten,noun,,,cefr_a1
papier,noun,,,cefr_a1
park,noun,,,cefr_a1
partner,noun,,,cefr_a1
partnerin,noun,,,cefr_a1
party,noun,,,cefr_a1
pass,noun,,,cefr_a1
pause,noun,,,cefr_a1
perlmann-balm,noun,,,cefr_a1
person,noun,,,cefr_a1
pflanze,noun,,,cefr_a1
pfund,noun,,,cefr_a1
plan,noun,,,cefr_a1
platz,noun,,,cefr_a1
pluralforme,noun,,,cefr_a1
polizei,noun,,,cefr_a1
post,noun,,,cefr_a1
postleitzahl,noun,,,cefr_a1
praktikum,noun,,,cefr_a1
praxis,noun,,,cefr_a1
preis,noun,,,cefr_a1
presse,noun,,,cefr_a1
problem,noun,,,cefr_a1
profil,noun,,,cefr_a1
prospekt,noun,,,cefr_a1
prozent,noun,,,cefr_a1
prüfung,noun,,,cefr_a1
prüfungsauf,noun,,,cefr_a1
prüfungsverfahren,noun,,,cefr_a1
prüfungsziel,noun,,,cefr_a1
publikation,noun,,,cefr_a1
quadratmeter,noun,,,cefr_a1
rad,noun,,,cefr_a1
radio,noun,,,cefr_a1
rahmen,noun,,,cefr_a1
rat,noun,,,cefr_a1
rauchen,noun,,,cefr_a1
raum,noun,,,cefr_a1
rausch,noun,,,cefr_a1
rechnung,noun,,,cefr_a1
referenz,noun,,,cefr_a1
referenzrahmen,noun,,,cefr_a1
referenzrahmens,noun,,,cefr_a1
regen,noun,,,cefr_a1
reis,noun,,,cefr_a1
reise,noun,,,cefr_a1
reisebüro,noun,,,cefr_a1
reiseführer,noun,,,cefr_a1
reparatur,noun,,,cefr_a1
restaurant,noun,,,cefr_a1
rezeption,noun,,,cefr_a1
richtung,noun,,,cefr_a1
ruf,noun,,,cefr_a1
s-bahn,noun,,,cefr_a1
saft,noun,,,cefr_a1
salat,noun,,,cefr_a1
salz,noun,,,cefr_a1
samstag,noun,,,cefr_a1
satz,noun,,,cefr_a1
schalter,noun,,,cefr_a1
schicken,noun,,,cefr_a1
schild,noun,,,cefr_a1
schinken,noun,,,cefr_a1
schluss,noun,,,cefr_a1
schlüssel,noun,,,cefr_a1
schrank,noun,,,cefr_a1
schreiben,noun,,,cefr_a1
schuh,noun,,,cefr_a1
schule,noun,,,cefr_a1
schwarze,noun,,,cefr_a1
schwester,noun,,,cefr_a1
schwimmbad,noun,,,cefr_a1
schöne,noun,,,cefr_a1
schüler,noun,,,cefr_a1
schülerin,noun,,,cefr_a1
sechsstufig,noun,,,cefr_a1
see,noun,,,cefr_a1
sehenswürdigkeit,noun,,,cefr_a1
seid,noun,,,cefr_a1
sekunde,noun,,,cefr_a1
september,noun,,,cefr_a1
sinn,noun,,,cefr_a1
sofa,noun,,,cefr_a1
sohn,noun,,,cefr_a1
sommer,noun,,,cefr_a1
sonnabend,noun,,,cefr_a1
sonne,noun,,,cefr_a1
sonntag,noun,,,cefr_a1
spanier,noun,,,cefr_a1
speise,noun,,,cefr_a1
speisekarte,noun,,,cefr_a1
spiel,noun,,,cefr_a1
spielen,noun,,,cefr_a1
sport,noun,,,cefr_a1
sportschuh,noun,,,cefr_a1
sportverein,noun,,,cefr_a1
sprachbeherrschung,noun,,,cefr_a1
sprachkompetenz,noun,,,cefr_a1
sprachkurse,noun,,,cefr_a1
sprachniveau,noun,,,cefr_a1
sprachprüfung,noun,,,cefr_a1
sprechen,noun,,,cefr_a1
staatsangehörigkeit,noun,,,cefr_a1
stadt,noun,,,cefr_a1
stadtplan,noun,,,cefr_a1
start,noun,,,cefr_a1
stelle,noun,,,cefr_a1
stock,noun,,,cefr_a1
straße,noun,,,cefr_a1
straßenbahn,noun,,,cefr_a1
student,noun,,,cefr_a1
studentin,noun,,,cefr_a1
studium,noun,,,cefr_a1
stufe,noun,,,cefr_a1
stunde,noun,,,cefr_a1
ständig,noun,,,cefr_a1
stück,noun,,,cefr_a1
supermarkt,noun,,,cefr_a1
system,noun,,,cefr_a1
szeit,noun,,,cefr_a1
süden,noun,,,cefr_a1
tag,noun,,,cefr_a1
tagesablauf,noun,,,cefr_a1
tageszeit,noun,,,cefr_a1
tanzen,noun,,,cefr_a1
tasche,noun,,,cefr_a1
tasse,noun,,,cefr_a1
taxi,noun,,,cefr_a1
tee,noun,,,cefr_a1
teil,noun,,,cefr_a1
telefon,noun,,,cefr_a1
telefonanschluss,noun,,,cefr_a1
telekommunikation,noun,,,cefr_a1
termin,noun,,,cefr_a1
test,noun,,,cefr_a1
testbeschrei,noun,,,cefr_a1
text,noun,,,cefr_a1
threshold-level,noun,,,cefr_a1
ticket,noun,,,cefr_a1
tier,noun,,,cefr_a1
tion,noun,,,cefr_a1
tisch,noun,,,cefr_a1
tochter,noun,,,cefr_a1
toilette,noun,,,cefr_a1
tomate,noun,,,cefr_a1
tomatensaft,noun,,,cefr_a1
treppe,noun,,,cefr_a1
trinken,noun,,,cefr_a1
tür,noun,,,cefr_a1
türke,noun,,,cefr_a1
türkin,noun,,,cefr_a1
uhr,noun,,,cefr_a1
uhrzeit,noun,,,cefr_a1
umwelt,noun,,,cefr_a1
unterhaltung,noun,,,cefr_a1
unterkunft,noun,,,cefr_a1
unterricht,noun,,,cefr_a1
unterschrift,noun,,,cefr_a1
urlaub,noun,,,cefr_a1
vater,noun,,,cefr_a1
verein,noun,,,cefr_a1
verfügung,noun,,,cefr_a1
verkehr,noun,,,cefr_a1
verkäufer,noun,,,cefr_a1
verkäuferin,noun,,,cefr_a1
vermieter,noun,,,cefr_a1
verständnis,noun,,,cefr_a1
verwandte,noun,,,cefr_a1
verwendung,noun,,,cefr_a1
vierte,noun,,,cefr_a1
viertel,noun,,,cefr_a1
volkshochschulverbands,noun,,,cefr_a1
vollpension,noun,,,cefr_a1
vormittag,noun,,,cefr_a1
vorname,noun,,,cefr_a1
vorsicht,noun,,,cefr_a1
vorwahl,noun,,,cefr_a1
wandern,noun,,,cefr_a1
waschmaschine,noun,,,cefr_a1
wasser,noun,,,cefr_a1
waystage,noun,,,cefr_a1
weibliche,noun,,,cefr_a1
wein,noun,,,cefr_a1
weiterbildungs-test,noun,,,cefr_a1
weißbrot,noun,,,cefr_a1
welt,noun,,,cefr_a1
wertenschlag,noun,,,cefr_a1
westen,noun,,,cefr_a1
wetter,noun,,,cefr_a1
wiederhören,noun,,,cefr_a1
wiedersehen,noun,,,cefr_a1
wiilst,noun,,,cefr_a1
wind,noun,,,cefr_a1
winter,noun,,,cefr_a1
wissenschaft,noun,,,cefr_a1
woche,noun,,,cefr_a1
wochenende,noun,,,cefr_a1
wochentag,noun,,,cefr_a1
wochentage,noun,,,cefr_a1
wohnen,noun,,,cefr_a1
wohnung,noun,,,cefr_a1
wohnungswechsel,noun,,,cefr_a1
wort,noun,,,cefr_a1
wortbildung,noun,,,cefr_a1
wortgruppe,noun,,,cefr_a1
wortgruppenlist,noun,,,cefr_a1
währung,noun,,,cefr_a1
wörterbuch,noun,,,cefr_a1
zahl,noun,,,cefr_a1
zeit,noun,,,cefr_a1
zeitangabe,noun,,,cefr_a1
zeitmaße,noun,,,cefr_a1
zeitung,noun,,,cefr_a1
zentimeter,noun,,,cefr_a1
zertifikat,noun,,,cefr_a1
zigarette,noun,,,cefr_a1
zimmer,noun,,,cefr_a1
zimmerschlüssel,noun,,,cefr_a1
zoll,noun,,,cefr_a1
zug,noun,,,cefr_a1
zurzeit,noun,,,cefr_a1
zusammenarbeit,noun,,,cefr_a1
zusammensetzung,noun,,,cefr_a1
zusammenstellung,noun,,,cefr_a1
zwölfter,noun,,,cefr_a1
äpfel,noun,,,cefr_a1
ärztin,noun,,,cefr_a1
öffnen,noun,,,cefr_a1
öl,noun,,,cefr_a1
übernachtung,noun,,,cefr_a1
acht,numeral,,,cefr_a1
achtzehn,numeral,,,cefr_a1
achtzig,numeral,,,cefr_a1
drei,numeral,,,cefr_a1
dreiundzwanzig,numeral,,,cefr_a1
dreizehn,numeral,,,cefr_a1
dreißig,numeral,,,cefr_a1
elf,numeral,,,cefr_a1
fünf,numeral,,,cefr_a1
fünfzehn,numeral,,,cefr_a1
fünfzig,numeral,,,cefr_a1
hundert,numeral,,,cefr_a1
neun,numeral,,,cefr_a1
neunzehn,numeral,,,cefr_a1
neunzig,numeral,,,cefr_a1
null,numeral,,,cefr_a1
sechs,numeral,,,cefr_a1
sechzehn,numeral,,,cefr_a1
sechzig,numeral,,,cefr_a1
sieben,numeral,,,cefr_a1
siebzehn,numeral,,,cefr_a1
siebzig,numeral,,,cefr_a1
tausend,numeral,,,cefr_a1
vier,numeral,,,cefr_a1
vierundzwanzig,numeral,,,cefr_a1
vierzehn,numeral,,,cefr_a1
vierzig,numeral,,,cefr_a1
zehn,numeral,,,cefr_a1
zwanzig,numeral,,,cefr_a1
zwei,numeral,,,cefr_a1
zweihundert,numeral,,,cefr_a1
zwölf,numeral,,,cefr_a1
ja,particle,,,cefr_a1
nein,particle,,,cefr_a1
nicht,particle,,,cefr_a1
ab,preposition,,,cefr_a1
als,preposition,,,cefr_a1
an,preposition,,,cefr_a1
auf,preposition,,,cefr_a1
aus,preposition,,,cefr_a1
bei,preposition,,,cefr_a1
dank,preposition,,,cefr_a1
durch,preposition,,,cefr_a1
für,preposition,,,cefr_a1
gegen,preposition,,,cefr_a1
hinsichtlich,preposition,,,cefr_a1
in,preposition,,,cefr_a1
innerhalb,preposition,,,cefr_a1
laut,preposition,,,cefr_a1
minus,preposition,,,cefr_a1
mit,preposition,,,cefr_a1
nach,preposition,,,cefr_a1
neben,preposition,,,cefr_a1
ohne,preposition,,,cefr_a1
seit,preposition,,,cefr_a1
um,preposition,,,cefr_a1
unter,preposition,,,cefr_a1
von,preposition,,,cefr_a1
vor,preposition,,,cefr_a1
wie,preposition,,,cefr_a1
zu,preposition,,,cefr_a1
zwischen,preposition,,,cefr_a1
über,preposition,,,cefr_a1
alle,pronoun,,,cefr_a1
aller,pronoun,,,cefr_a1
anderer,pronoun,,,cefr_a1
beide,pronoun,,,cefr_a1
dein,pronoun,,,cefr_a1
der,pronoun,,,cefr_a1
dich,pronoun,,,cefr_a1
dieser,pronoun,,,cefr_a1
dir,pronoun,,,cefr_a1
du,pronoun,,,cefr_a1
ein,pronoun,,,cefr_a1
einer,pronoun,,,cefr_a1
einzeln,pronoun,,,cefr_a1
er,pronoun,,,cefr_a1
es,pronoun,,,cefr_a1
etwas,pronoun,,,cefr_a1
euch,pronoun,,,cefr_a1
ich,pronoun,,,cefr_a1
ihm,pronoun,,,cefr_a1
ihn,pronoun,,,cefr_a1
ihnen,pronoun,,,cefr_a1
ihr,pronoun,,,cefr_a1
kein,pronoun,,,cefr_a1
man,pronoun,,,cefr_a1
mehrere,pronoun,,,cefr_a1
mein,pronoun,,,cefr_a1
meister,pronoun,,,cefr_a1
mich,pronoun,,,cefr_a1
mir,pronoun,,,cefr_a1
nichts,pronoun,,,cefr_a1
sich,pronoun,,,cefr_a1
sie,pronoun,,,cefr_a1
uns,pronoun,,,cefr_a1
viel,pronoun,,,cefr_a1
viele,pronoun,,,cefr_a1
vieler,pronoun,,,cefr_a1
was,pronoun,,,cefr_a1
welchen,pronoun,,,cefr_a1
welcher,pronoun,,,cefr_a1
wen,pronoun,,,cefr_a1
wenig,pronoun,,,cefr_a1
weniger,pronoun,,,cefr_a1
wer,pronoun,,,cefr_a1
wir,pronoun,,,cefr_a1
adult,proper noun,,,cefr_a1
alexander,proper noun,,,cefr_a1
ali,proper noun,,,cefr_a1
alltagskommuni,proper noun,,,cefr_a1
august,proper noun,,,cefr_a1
ausländerbe,proper noun,,,cefr_a1
bad,proper noun,,,cefr_a1
bast,proper noun,,,cefr_a1
becker,proper noun,,,cefr_a1
below,proper noun,,,cefr_a1
berlin,proper noun,,,cefr_a1
best,proper noun,,,cefr_a1
brasilien,proper noun,,,cefr_a1
brauchst,proper noun,,,cefr_a1
braun,proper noun,,,cefr_a1
cambridge,proper noun,,,cefr_a1
charlotte,proper noun,,,cefr_a1
chen,proper noun,,,cefr_a1
chiemsee,proper noun,,,cefr_a1
china,proper noun,,,cefr_a1
claudia,proper noun,,,cefr_a1
conchi,proper noun,,,cefr_a1
deutschland,proper noun,,,cefr_a1
development,proper noun,,,cefr_a1
direktor,proper noun,,,cefr_a1
edk,proper noun,,,cefr_a1
ehegattennachzugs,proper noun,,,cefr_a1
ek,proper noun,,,cefr_a1
eltville,proper noun,,,cefr_a1
essen,proper noun,,,cefr_a1
europa,proper noun,,,cefr_a1
europarat,proper noun,,,cefr_a1
europe,proper noun,,,cefr_a1
european,proper noun,,,cefr_a1
eva,proper noun,,,cefr_a1
everest,proper noun,,,cefr_a1
fahr,proper noun,,,cefr_a1
felix,proper noun,,,cefr_a1
finnin,proper noun,,,cefr_a1
finnland,proper noun,,,cefr_a1
fitzpatrick,proper noun,,,cefr_a1
frankfurt,proper noun,,,cefr_a1
frankreich,proper noun,,,cefr_a1
garc,proper noun,,,cefr_a1
georgi,proper noun,,,cefr_a1
goethe-institut,proper noun,,,cefr_a1
goethe-zertifikat,proper noun,,,cefr_a1
gonz,proper noun,,,cefr_a1
hallo,proper noun,,,cefr_a1
hamburg,proper noun,,,cefr_a1
hans,proper noun,,,cefr_a1
heidelberg,proper noun,,,cefr_a1
hele,proper noun,,,cefr_a1
helmut,proper noun,,,cefr_a1
hg,proper noun,,,cefr_a1
huber,proper noun,,,cefr_a1
hundertein,proper noun,,,cefr_a1
inge,proper noun,,,cefr_a1
italien,proper noun,,,cefr_a1
japan,proper noun,,,cefr_a1
jeans,proper noun,,,cefr_a1
jenny,proper noun,,,cefr_a1
john,proper noun,,,cefr_a1
judith,proper noun,,,cefr_a1
kantonalen,proper noun,,,cefr_a1
katharina,proper noun,,,cefr_a1
klaus,proper noun,,,cefr_a1
klein,proper noun,,,cefr_a1
kmk,proper noun,,,cefr_a1
kommst,proper noun,,,cefr_a1
kommu,proper noun,,,cefr_a1
kompetenzskala,proper noun,,,cefr_a1
komposita,proper noun,,,cefr_a1
kunz,proper noun,,,cefr_a1
köln,proper noun,,,cefr_a1
langen,proper noun,,,cefr_a1
langenscheidt,proper noun,,,cefr_a1
laura,proper noun,,,cefr_a1
ledig,proper noun,,,cefr_a1
lies,proper noun,,,cefr_a1
lukas,proper noun,,,cefr_a1
main,proper noun,,,cefr_a1
mainz,proper noun,,,cefr_a1
mannheim,proper noun,,,cefr_a1
manuela,proper noun,,,cefr_a1
martin,proper noun,,,cefr_a1
meier,proper noun,,,cefr_a1
merten,proper noun,,,cefr_a1
mexiko,proper noun,,,cefr_a1
michaela,proper noun,,,cefr_a1
mount,proper noun,,,cefr_a1
muttersprachli,proper noun,,,cefr_a1
müller,proper noun,,,cefr_a1
münchen,proper noun,,,cefr_a1
natione,proper noun,,,cefr_a1
ober,proper noun,,,cefr_a1
of,proper noun,,,cefr_a1
offenbach,proper noun,,,cefr_a1
pamela,proper noun,,,cefr_a1
paul,proper noun,,,cefr_a1
peter,proper noun,,,cefr_a1
petra,proper noun,,,cefr_a1
picasso,proper noun,,,cefr_a1
polen,proper noun,,,cefr_a1
redewe,proper noun,,,cefr_a1
rhein,proper noun,,,cefr_a1
ricardo,proper noun,,,cefr_a1
rusch,proper noun,,,cefr_a1
rüdesheim,proper noun,,,cefr_a1
saarbrücken,proper noun,,,cefr_a1
scheidt,proper noun,,,cefr_a1
schillerstraße,proper noun,,,cefr_a1
schinkenbrot,proper noun,,,cefr_a1
schlafzimmer,proper noun,,,cefr_a1
schmidt,proper noun,,,cefr_a1
schmitt,proper noun,,,cefr_a1
schmitz,proper noun,,,cefr_a1
schweiz,proper noun,,,cefr_a1
siemens,proper noun,,,cefr_a1
silvana,proper noun,,,cefr_a1
sind,proper noun,,,cefr_a1
sohn,proper noun,,,cefr_a1
spanien,proper noun,,,cefr_a1
starnberger,proper noun,,,cefr_a1
strassburg,proper noun,,,cefr_a1
stuttgart,proper noun,,,cefr_a1
suchst,proper noun,,,cefr_a1
susanne,proper noun,,,cefr_a1
tester,proper noun,,,cefr_a1
thomas,proper noun,,,cefr_a1
tim,proper noun,,,cefr_a1
trim,proper noun,,,cefr_a1
tschüss,proper noun,,,cefr_a1
türkei,proper noun,,,cefr_a1
van,proper noun,,,cefr_a1
vergli,proper noun,,,cefr_a1
veronika,proper noun,,,cefr_a1
vs,proper noun,,,cefr_a1
watanabe,proper noun,,,cefr_a1
wiesbaden,proper noun,,,cefr_a1
wohnst,proper noun,,,cefr_a1
yin,proper noun,,,cefr_a1
zagreb,proper noun,,,cefr_a1
zweitausendvierzehn,proper noun,,,cefr_a1
ösd,proper noun,,,cefr_a1
österreich,proper noun,,,cefr_a1
abfahren,verb,,,cefr_a1
abfliegen,verb,,,cefr_a1
abgeben,verb,,,cefr_a1
abholen,verb,,,cefr_a1
ableitbaren,verb,,,cefr_a1
anbieten,verb,,,cefr_a1
anerkennen,verb,,,cefr_a1
anfangen,verb,,,cefr_a1
anführen,verb,,,cefr_a1
anklicken,verb,,,cefr_a1
ankommen,verb,,,cefr_a1
ankreuzen,verb,,,cefr_a1
anmachen,verb,,,cefr_a1
anmelden,verb,,,cefr_a1
anrufen,verb,,,cefr_a1
antworten,verb,,,cefr_a1
anziehen,verb,,,cefr_a1
arbeiten,verb,,,cefr_a1
associ,verb,,,cefr_a1
aufhören,verb,,,cefr_a1
auflisten,verb,,,cefr_a1
aufstehen,verb,,,cefr_a1
ausfüllen,verb,,,cefr_a1
ausgewählten,verb,,,cefr_a1
ausmachen,verb,,,cefr_a1
ausnehmen,verb,,,cefr_a1
aussehen,verb,,,cefr_a1
aussteigen,verb,,,cefr_a1
ausziehen,verb,,,cefr_a1
baden,verb,,,cefr_a1
bedeuten,verb,,,cefr_a1
befinden,verb,,,cefr_a1
begeg,verb,,,cefr_a1
begegnen,verb,,,cefr_a1
beginnen,verb,,,cefr_a1
bekommen,verb,,,cefr_a1
bekommsen,verb,,,cefr_a1
benutzen,verb,,,cefr_a1
besetzen,verb,,,cefr_a1
besichtigen,verb,,,cefr_a1
bestellen,verb,,,cefr_a1
besuchen,verb,,,cefr_a1
bezahlen,verb,,,cefr_a1
bezeichnen,verb,,,cefr_a1
bilden,verb,,,cefr_a1
bist,verb,,,cefr_a1
bitten,verb,,,cefr_a1
bleiben,verb,,,cefr_a1
brauchen,verb,,,cefr_a1
brauchst,verb,,,cefr_a1
bringen,verb,,,cefr_a1
buchstabieren,verb,,,cefr_a1
danken,verb,,,cefr_a1
dauern,verb,,,cefr_a1
denken,verb,,,cefr_a1
dokumentieren,verb,,,cefr_a1
drucken,verb,,,cefr_a1
drücken,verb,,,cefr_a1
dürfen,verb,,,cefr_a1
einkaufen,verb,,,cefr_a1
einladen,verb,,,cefr_a1
einsteigen,verb,,,cefr_a1
empfehlen,verb,,,cefr_a1
enden,verb,,,cefr_a1
enthalten,verb,,,cefr_a1
entschuldigen,verb,,,cefr_a1
erbringen,verb,,,cefr_a1
erfolgen,verb,,,cefr_a1
erfüllen,verb,,,cefr_a1
ergänzen,verb,,,cefr_a1
erklären,verb,,,cefr_a1
erlauben,verb,,,cefr_a1
ermöglichen,verb,,,cefr_a1
erschließen,verb,,,cefr_a1
erzählen,verb,,,cefr_a1
essen,verb,,,cefr_a1
fahr,verb,,,cefr_a1
fahren,verb,,,cefr_a1
fallen,verb,,,cefr_a1
fangen,verb,,,cefr_a1
fehlen,verb,,,cefr_a1
feiern,verb,,,cefr_a1
finden,verb,,,cefr_a1
findest,verb,,,cefr_a1
fliegen,verb,,,cefr_a1
folgen,verb,,,cefr_a1
fragen,verb,,,cefr_a1
freuen,verb,,,cefr_a1
frühstück,verb,,,cefr_a1
frühstücken,verb,,,cefr_a1
geben,verb,,,cefr_a1
gebraucht,verb,,,cefr_a1
gebären,verb,,,cefr_a1
gefällen,verb,,,cefr_a1
gehen,verb,,,cefr_a1
gehören,verb,,,cefr_a1
gemeinsam,verb,,,cefr_a1
gewinnen,verb,,,cefr_a1
glauben,verb,,,cefr_a1
gratulieren,verb,,,cefr_a1
grillen,verb,,,cefr_a1
gruß,verb,,,cefr_a1
habe,verb,,,cefr_a1
haben,verb,,,cefr_a1
halten,verb,,,cefr_a1
handeln,verb,,,cefr_a1
hast,verb,,,cefr_a1
heiraten,verb,,,cefr_a1
heißen,verb,,,cefr_a1
helfen,verb,,,cefr_a1
herausgeben,verb,,,cefr_a1
holen,verb,,,cefr_a1
hörden,verb,,,cefr_a1
hören,verb,,,cefr_a1
illustrieren,verb,,,cefr_a1
intermediary,verb,,,cefr_a1
kaufen,verb,,,cefr_a1
kennen,verb,,,cefr_a1
kennenlernen,verb,,,cefr_a1
kochen,verb,,,cefr_a1
kommen,verb,,,cefr_a1
kommst,verb,,,cefr_a1
kosten,verb,,,cefr_a1
kriegen,verb,,,cefr_a1
können,verb,,,cefr_a1
könnsten,verb,,,cefr_a1
könnten,verb,,,cefr_a1
kümmern,verb,,,cefr_a1
lachen,verb,,,cefr_a1
lassen,verb,,,cefr_a1
laufen,verb,,,cefr_a1
leben,verb,,,cefr_a1
legen,verb,,,cefr_a1
lehren,verb,,,cefr_a1
lernen,verb,,,cefr_a1
lesen,verb,,,cefr_a1
liebe,verb,,,cefr_a1
lieben,verb,,,cefr_a1
liegen,verb,,,cefr_a1
machen,verb,,,cefr_a1
meinen,verb,,,cefr_a1
mieten,verb,,,cefr_a1
mitbringen,verb,,,cefr_a1
mitkommen,verb,,,cefr_a1
mitmachen,verb,,,cefr_a1
mitnehmen,verb,,,cefr_a1
mitzählen,verb,,,cefr_a1
muss,verb,,,cefr_a1
mussen,verb,,,cefr_a1
musst,verb,,,cefr_a1
möchten,verb,,,cefr_a1
möchtest,verb,,,cefr_a1
mögen,verb,,,cefr_a1
müssen,verb,,,cefr_a1
nehmen,verb,,,cefr_a1
nennen,verb,,,cefr_a1
rauchen,verb,,,cefr_a1
regnen,verb,,,cefr_a1
reisen,verb,,,cefr_a1
reparieren,verb,,,cefr_a1
revidieren,verb,,,cefr_a1
riechen,verb,,,cefr_a1
rufen,verb,,,cefr_a1
sag,verb,,,cefr_a1
sagen,verb,,,cefr_a1
sch,verb,,,cefr_a1
scheiden,verb,,,cefr_a1
scheinen,verb,,,cefr_a1
schen,verb,,,cefr_a1
schicken,verb,,,cefr_a1
schlafen,verb,,,cefr_a1
schließen,verb,,,cefr_a1
schmecken,verb,,,cefr_a1
schreiben,verb,,,cefr_a1
schwimmen,verb,,,cefr_a1
sehen,verb,,,cefr_a1
sein,verb,,,cefr_a1
sitzen,verb,,,cefr_a1
sollen,verb,,,cefr_a1
spielen,verb,,,cefr_a1
spielt,verb,,,cefr_a1
sprechen,verb,,,cefr_a1
sprichst,verb,,,cefr_a1
stehen,verb,,,cefr_a1
steig,verb,,,cefr_a1
stellen,verb,,,cefr_a1
sterben,verb,,,cefr_a1
stimmen,verb,,,cefr_a1
studieren,verb,,,cefr_a1
suchen,verb,,,cefr_a1
suchst,verb,,,cefr_a1
tanzen,verb,,,cefr_a1
telefonieren,verb,,,cefr_a1
treffen,verb,,,cefr_a1
treiben,verb,,,cefr_a1
trinken,verb,,,cefr_a1
tun,verb,,,cefr_a1
tut,verb,,,cefr_a1
umziehen,verb,,,cefr_a1
unterscheiden,verb,,,cefr_a1
unterschreiben,verb,,,cefr_a1
unveröffentlicht,verb,,,cefr_a1
urteilen,verb,,,cefr_a1
verbieten,verb,,,cefr_a1
verdienen,verb,,,cefr_a1
vereinigen,verb,,,cefr_a1
verheiraten,verb,,,cefr_a1
verkaufen,verb,,,cefr_a1
vermieten,verb,,,cefr_a1
verstehen,verb,,,cefr_a1
vorstellen,verb,,,cefr_a1
wandern,verb,,,cefr_a1
warten,verb,,,cefr_a1
waschen,verb,,,cefr_a1
weißt,verb,,,cefr_a1
werden,verb,,,cefr_a1
wiederholen,verb,,,cefr_a1
wissen,verb,,,cefr_a1
wohnen,verb,,,cefr_a1
wollen,verb,,,cefr_a1
wär,verb,,,cefr_a1
zahlen,verb,,,cefr_a1
zeigen,verb,,,cefr_a1
zieh,verb,,,cefr_a1
ziehen,verb,,,cefr_a1
zuordnen,verb,,,cefr_a1
zusammenstellen,verb,,,cefr_a1
zweitausendzwei,verb,,,cefr_a1
öffne,verb,,,cefr_a1
öffnen,verb,,,cefr_a1
übernachten,verb,,,cefr_a1
überweisen,verb,,,cefr_a1
