text,norm,category,lemma,source
GOETHE-ZERTIFIKAT,goethe-zertifikat,proper noun,goethe-zertifikat,docs/cefr/goethe_a1_wortliste.pdf
Wortgruppenliste,wortgruppenliste,noun,wortgruppenlist,docs/cefr/goethe_a1_wortliste.pdf
Literatur,literatur,noun,literatur,docs/cefr/goethe_a1_wortliste.pdf
VS,vs,proper noun,vs,docs/cefr/goethe_a1_wortliste.pdf
Die,die,article,der,docs/cefr/goethe_a1_wortliste.pdf
vorliegende,vorliegende,adjective,vorliegend,docs/cefr/goethe_a1_wortliste.pdf
Publikation,publikation,noun,publikation,docs/cefr/goethe_a1_wortliste.pdf
enthält,enthält,verb,enthalten,docs/cefr/goethe_a1_wortliste.pdf
zu,zu,preposition,zu,docs/cefr/goethe_a1_wortliste.pdf
Deutschprüfung,deutschprüfung,noun,deutschprüfung,docs/cefr/goethe_a1_wortliste.pdf
Start,start,noun,start,docs/cefr/goethe_a1_wortliste.pdf
von,von,preposition,von,docs/cefr/goethe_a1_wortliste.pdf
Auslandsvertretungen,auslandsvertretungen,noun,auslandsvertretung,docs/cefr/goethe_a1_wortliste.pdf
und,und,conjunction,und,docs/cefr/goethe_a1_wortliste.pdf
Ausländerbe,ausländerbe,proper noun,ausländerbe,docs/cefr/goethe_a1_wortliste.pdf
hörden,hörden,verb,hörden,docs/cefr/goethe_a1_wortliste.pdf
als,als,preposition,als,docs/cefr/goethe_a1_wortliste.pdf
Nachweis,nachweis,noun,nachweis,docs/cefr/goethe_a1_wortliste.pdf
im,im,preposition,in,docs/cefr/goethe_a1_wortliste.pdf
Rahmen,rahmen,noun,rahmen,docs/cefr/goethe_a1_wortliste.pdf
Ehegattennachzugs,ehegattennachzugs,proper noun,ehegattennachzugs,docs/cefr/goethe_a1_wortliste.pdf
anerkannt,anerkannt,verb,anerkennen,docs/cefr/goethe_a1_wortliste.pdf
ist,ist,verb,sein,docs/cefr/goethe_a1_wortliste.pdf
Es,es,pronoun,es,docs/cefr/goethe_a1_wortliste.pdf
handelt,handelt,verb,handeln,docs/cefr/goethe_a1_wortliste.pdf
sich,sich,pronoun,sich,docs/cefr/goethe_a1_wortliste.pdf
um,um,preposition,um,docs/cefr/goethe_a1_wortliste.pdf
einen,einen,article,ein,docs/cefr/goethe_a1_wortliste.pdf
Auszug,auszug,noun,auszug,docs/cefr/goethe_a1_wortliste.pdf
aus,aus,preposition,aus,docs/cefr/goethe_a1_wortliste.pdf
für,für,preposition,für,docs/cefr/goethe_a1_wortliste.pdf
Erwachsene,erwachsene,noun,erwachsene,docs/cefr/goethe_a1_wortliste.pdf
Prüfungsziele,prüfungsziele,noun,prüfungsziel,docs/cefr/goethe_a1_wortliste.pdf
Testbeschrei,testbeschrei,noun,testbeschrei,docs/cefr/goethe_a1_wortliste.pdf
bung,bung,noun,bung,docs/cefr/goethe_a1_wortliste.pdf
erstmals,erstmals,adverb,erstmals,docs/cefr/goethe_a1_wortliste.pdf
herausgegeben,herausgegeben,verb,herausgeben,docs/cefr/goethe_a1_wortliste.pdf
Goethe-Institut,goethe-institut,proper noun,goethe-institut,docs/cefr/goethe_a1_wortliste.pdf
Weiterbildungs-Test,weiterbildungs-test,noun,weiterbildungs-test,docs/cefr/goethe_a1_wortliste.pdf
systeme,systeme,noun,system,docs/cefr/goethe_a1_wortliste.pdf
GmbH,gmbh,noun,gmbh,docs/cefr/goethe_a1_wortliste.pdf
heute,heute,adverb,heute,docs/cefr/goethe_a1_wortliste.pdf
telc,telc,adverb,telc,docs/cefr/goethe_a1_wortliste.pdf
Jahr,jahr,noun,jahr,docs/cefr/goethe_a1_wortliste.pdf
Prüfung,prüfung,noun,prüfung,docs/cefr/goethe_a1_wortliste.pdf
dokumentiert,dokumentiert,verb,dokumentieren,docs/cefr/goethe_a1_wortliste.pdf
erste,erste,adjective,erster,docs/cefr/goethe_a1_wortliste.pdf
Stufe,stufe,noun,stufe,docs/cefr/goethe_a1_wortliste.pdf
Gemeinsamen,gemeinsamen,verb,gemeinsam,docs/cefr/goethe_a1_wortliste.pdf
europäischen,europäischen,adjective,europäisch,docs/cefr/goethe_a1_wortliste.pdf
Referenzrahmen,referenzrahmen,noun,referenzrahmen,docs/cefr/goethe_a1_wortliste.pdf
beschriebenen,beschriebenen,adjective,beschrieben,docs/cefr/goethe_a1_wortliste.pdf
sechsstufigen,sechsstufigen,noun,sechsstufig,docs/cefr/goethe_a1_wortliste.pdf
Kompetenzskala,kompetenzskala,proper noun,kompetenzskala,docs/cefr/goethe_a1_wortliste.pdf
bezeichnet,bezeichnet,verb,bezeichnen,docs/cefr/goethe_a1_wortliste.pdf
Fähigkeit,fähigkeit,noun,fähigkeit,docs/cefr/goethe_a1_wortliste.pdf
elementaren,elementaren,adjective,elementar,docs/cefr/goethe_a1_wortliste.pdf
Sprachbeherrschung,sprachbeherrschung,noun,sprachbeherrschung,docs/cefr/goethe_a1_wortliste.pdf
Liste,liste,noun,liste,docs/cefr/goethe_a1_wortliste.pdf
Wortgruppen,wortgruppen,noun,wortgruppe,docs/cefr/goethe_a1_wortliste.pdf
Wörter,wörter,noun,wort,docs/cefr/goethe_a1_wortliste.pdf
Lernende,lernende,noun,lernende,docs/cefr/goethe_a1_wortliste.pdf
auf,auf,preposition,auf,docs/cefr/goethe_a1_wortliste.pdf
dieser,dieser,pronoun,dieser,docs/cefr/goethe_a1_wortliste.pdf
Sprachkompetenz,sprachkompetenz,noun,sprachkompetenz,docs/cefr/goethe_a1_wortliste.pdf
beherr,beherr,noun,beherr,docs/cefr/goethe_a1_wortliste.pdf
schen,schen,verb,schen,docs/cefr/goethe_a1_wortliste.pdf
sollten,sollten,verb,sollen,docs/cefr/goethe_a1_wortliste.pdf
Alle,alle,pronoun,alle,docs/cefr/goethe_a1_wortliste.pdf
aufgeführten,aufgeführten,adjective,aufgeführt,docs/cefr/goethe_a1_wortliste.pdf
passiv,passiv,adverb,passiv,docs/cefr/goethe_a1_wortliste.pdf
verstanden,verstanden,verb,verstehen,docs/cefr/goethe_a1_wortliste.pdf
werden,werden,verb,werden,docs/cefr/goethe_a1_wortliste.pdf
wenn,wenn,conjunction,wenn,docs/cefr/goethe_a1_wortliste.pdf
sie,sie,pronoun,sie,docs/cefr/goethe_a1_wortliste.pdf
Lernenden,lernenden,noun,lernenden,docs/cefr/goethe_a1_wortliste.pdf
gesprochenen,gesprochenen,adjective,gesprochen,docs/cefr/goethe_a1_wortliste.pdf
oder,oder,conjunction,oder,docs/cefr/goethe_a1_wortliste.pdf
geschriebenen,geschriebenen,adjective,geschrieben,docs/cefr/goethe_a1_wortliste.pdf
Texten,texten,noun,text,docs/cefr/goethe_a1_wortliste.pdf
begeg,begeg,verb,begeg,docs/cefr/goethe_a1_wortliste.pdf
nen,nen,article,nen,docs/cefr/goethe_a1_wortliste.pdf
aktiver,aktiver,adverb,aktiv,docs/cefr/goethe_a1_wortliste.pdf
etwa,etwa,adverb,etwa,docs/cefr/goethe_a1_wortliste.pdf
Hälfte,hälfte,noun,hälfte,docs/cefr/goethe_a1_wortliste.pdf
circa,circa,adverb,circa,docs/cefr/goethe_a1_wortliste.pdf
Verfügung,verfügung,noun,verfügung,docs/cefr/goethe_a1_wortliste.pdf
stehen,stehen,verb,stehen,docs/cefr/goethe_a1_wortliste.pdf
Zunächst,zunächst,adverb,zunächst,docs/cefr/goethe_a1_wortliste.pdf
genannt,genannt,verb,nennen,docs/cefr/goethe_a1_wortliste.pdf
Niveau,niveau,noun,niveau,docs/cefr/goethe_a1_wortliste.pdf
vor,vor,preposition,vor,docs/cefr/goethe_a1_wortliste.pdf
gesehen,gesehen,verb,sehen,docs/cefr/goethe_a1_wortliste.pdf
folgen,folgen,verb,folgen,docs/cefr/goethe_a1_wortliste.pdf
häufig,häufig,adverb,häufig,docs/cefr/goethe_a1_wortliste.pdf
gebrauchte,gebrauchte,verb,gebraucht,docs/cefr/goethe_a1_wortliste.pdf
wie,wie,preposition,wie,docs/cefr/goethe_a1_wortliste.pdf
Zahlen,zahlen,noun,zahl,docs/cefr/goethe_a1_wortliste.pdf
Wochentage,wochentage,noun,wochentage,docs/cefr/goethe_a1_wortliste.pdf
Monate,monate,noun,monat,docs/cefr/goethe_a1_wortliste.pdf
Daran,daran,adverb,daran,docs/cefr/goethe_a1_wortliste.pdf
schließt,schließt,verb,schließen,docs/cefr/goethe_a1_wortliste.pdf
Zusammenstellung,zusammenstellung,noun,zusammenstellung,docs/cefr/goethe_a1_wortliste.pdf
einzelnen,einzelnen,pronoun,einzeln,docs/cefr/goethe_a1_wortliste.pdf
an,an,preposition,an,docs/cefr/goethe_a1_wortliste.pdf
Bedeutung,bedeutung,noun,bedeutung,docs/cefr/goethe_a1_wortliste.pdf
durch,durch,preposition,durch,docs/cefr/goethe_a1_wortliste.pdf
Beispielsätze,beispielsätze,noun,beispielsätz,docs/cefr/goethe_a1_wortliste.pdf
illustriert,illustriert,verb,illustrieren,docs/cefr/goethe_a1_wortliste.pdf
Darunter,darunter,adverb,darunter,docs/cefr/goethe_a1_wortliste.pdf
finden,finden,verb,finden,docs/cefr/goethe_a1_wortliste.pdf
wichtige,wichtige,adjective,wichtig,docs/cefr/goethe_a1_wortliste.pdf
Redewen,redewen,proper noun,redewe,docs/cefr/goethe_a1_wortliste.pdf
dungen,dungen,noun,dung,docs/cefr/goethe_a1_wortliste.pdf
idiomatische,idiomatische,adjective,idiomatisch,docs/cefr/goethe_a1_wortliste.pdf
Ausdrücke,ausdrücke,noun,ausdruck,docs/cefr/goethe_a1_wortliste.pdf
denen,denen,pronoun,der,docs/cefr/goethe_a1_wortliste.pdf
Neuankömmlinge,neuankömmlinge,noun,neuankömmling,docs/cefr/goethe_a1_wortliste.pdf
Deutschland,deutschland,proper noun,deutschland,docs/cefr/goethe_a1_wortliste.pdf
sofort,sofort,adverb,sofort,docs/cefr/goethe_a1_wortliste.pdf
begegnen,begegnen,verb,begegnen,docs/cefr/goethe_a1_wortliste.pdf
Wiedersehen,wiedersehen,noun,wiedersehen,docs/cefr/goethe_a1_wortliste.pdf
Guten,guten,noun,gute,docs/cefr/goethe_a1_wortliste.pdf
Appetit,appetit,noun,appetit,docs/cefr/goethe_a1_wortliste.pdf
zwischen,zwischen,preposition,zwischen,docs/cefr/goethe_a1_wortliste.pdf
Haupt,haupt,noun,haupt,docs/cefr/goethe_a1_wortliste.pdf
ableitbaren,ableitbaren,verb,ableitbaren,docs/cefr/goethe_a1_wortliste.pdf
Nebeneinträgen,nebeneinträgen,noun,nebeneinträge,docs/cefr/goethe_a1_wortliste.pdf
unter,unter,preposition,unter,docs/cefr/goethe_a1_wortliste.pdf
schieden,schieden,verb,scheiden,docs/cefr/goethe_a1_wortliste.pdf
eingerückten,eingerückten,adjective,eingerückt,docs/cefr/goethe_a1_wortliste.pdf
Nebeneinträge,nebeneinträge,noun,nebeneintrag,docs/cefr/goethe_a1_wortliste.pdf
auch,auch,adverb,auch,docs/cefr/goethe_a1_wortliste.pdf
Wortbildung,wortbildung,noun,wortbildung,docs/cefr/goethe_a1_wortliste.pdf
erschließbar,erschließbar,adverb,erschließbar,docs/cefr/goethe_a1_wortliste.pdf
solche,solche,article,solcher,docs/cefr/goethe_a1_wortliste.pdf
Einträge,einträge,noun,eintrag,docs/cefr/goethe_a1_wortliste.pdf
Ausland,ausland,noun,ausland,docs/cefr/goethe_a1_wortliste.pdf
Ausländer,ausländer,noun,ausländer,docs/cefr/goethe_a1_wortliste.pdf
danken,danken,verb,danken,docs/cefr/goethe_a1_wortliste.pdf
Dank,dank,preposition,dank,docs/cefr/goethe_a1_wortliste.pdf
Weibliche,weibliche,noun,weibliche,docs/cefr/goethe_a1_wortliste.pdf
Formen,formen,noun,form,docs/cefr/goethe_a1_wortliste.pdf
nicht,nicht,particle,nicht,docs/cefr/goethe_a1_wortliste.pdf
zusätzlich,zusätzlich,adverb,zusätzlich,docs/cefr/goethe_a1_wortliste.pdf
aufgelistet,aufgelistet,verb,auflisten,docs/cefr/goethe_a1_wortliste.pdf
neben,neben,preposition,neben,docs/cefr/goethe_a1_wortliste.pdf
Lehrer,lehrer,noun,lehrer,docs/cefr/goethe_a1_wortliste.pdf
beispielsweise,beispielsweise,adverb,beispielsweise,docs/cefr/goethe_a1_wortliste.pdf
Lehrerin,lehrerin,noun,lehrerin,docs/cefr/goethe_a1_wortliste.pdf
Teil,teil,noun,teil,docs/cefr/goethe_a1_wortliste.pdf
geforderten,geforderten,adjective,gefordert,docs/cefr/goethe_a1_wortliste.pdf
Information,information,noun,information,docs/cefr/goethe_a1_wortliste.pdf
Referenz,referenz,noun,referenz,docs/cefr/goethe_a1_wortliste.pdf
alle,alle,pronoun,aller,docs/cefr/goethe_a1_wortliste.pdf
Interessenten,interessenten,noun,interessent,docs/cefr/goethe_a1_wortliste.pdf
gedacht,gedacht,verb,denken,docs/cefr/goethe_a1_wortliste.pdf
ermöglicht,ermöglicht,verb,ermöglichen,docs/cefr/goethe_a1_wortliste.pdf
über,über,preposition,über,docs/cefr/goethe_a1_wortliste.pdf
Anspruchsniveau,anspruchsniveau,noun,anspruchsniveau,docs/cefr/goethe_a1_wortliste.pdf
Weniger,weniger,pronoun,weniger,docs/cefr/goethe_a1_wortliste.pdf
geeignet,geeignet,adverb,eignen,docs/cefr/goethe_a1_wortliste.pdf
diese,diese,article,dieser,docs/cefr/goethe_a1_wortliste.pdf
Festigung,festigung,noun,festigung,docs/cefr/goethe_a1_wortliste.pdf
Dazu,dazu,adverb,dazu,docs/cefr/goethe_a1_wortliste.pdf
empfiehlt,empfiehlt,verb,empfehlen,docs/cefr/goethe_a1_wortliste.pdf
Besuch,besuch,noun,besuch,docs/cefr/goethe_a1_wortliste.pdf
eines,eines,pronoun,ein,docs/cefr/goethe_a1_wortliste.pdf
Sprachkurses,sprachkurses,noun,sprachkurse,docs/cefr/goethe_a1_wortliste.pdf
Verwendung,verwendung,noun,verwendung,docs/cefr/goethe_a1_wortliste.pdf
didaktisch,didaktisch,adverb,didaktisch,docs/cefr/goethe_a1_wortliste.pdf
Lehrmaterial,lehrmaterial,noun,lehrmaterial,docs/cefr/goethe_a1_wortliste.pdf
Michaela,michaela,proper noun,michaela,docs/cefr/goethe_a1_wortliste.pdf
Perlmann-Balme,perlmann-balme,noun,perlmann-balm,docs/cefr/goethe_a1_wortliste.pdf
Inventare,inventare,noun,inventar,docs/cefr/goethe_a1_wortliste.pdf
notwendigen,notwendigen,adjective,notwendig,docs/cefr/goethe_a1_wortliste.pdf
zusammengestellt,zusammengestellt,verb,zusammenstellen,docs/cefr/goethe_a1_wortliste.pdf
Person,person,noun,person,docs/cefr/goethe_a1_wortliste.pdf
Geschlecht,geschlecht,noun,geschlecht,docs/cefr/goethe_a1_wortliste.pdf
Name,name,noun,name,docs/cefr/goethe_a1_wortliste.pdf
Familienstand,familienstand,noun,familienstand,docs/cefr/goethe_a1_wortliste.pdf
Familie,familie,noun,familie,docs/cefr/goethe_a1_wortliste.pdf
Adresse,adresse,noun,adresse,docs/cefr/goethe_a1_wortliste.pdf
Persönliche,persönliche,adjective,persönliche,docs/cefr/goethe_a1_wortliste.pdf
Beziehungen,beziehungen,noun,beziehung,docs/cefr/goethe_a1_wortliste.pdf
Telefon,telefon,noun,telefon,docs/cefr/goethe_a1_wortliste.pdf
Staatsangehörigkeit,staatsangehörigkeit,noun,staatsangehörigkeit,docs/cefr/goethe_a1_wortliste.pdf
Geburtsdatum,geburtsdatum,noun,geburtsdatum,docs/cefr/goethe_a1_wortliste.pdf
Nationalität,nationalität,noun,nationalität,docs/cefr/goethe_a1_wortliste.pdf
Herkunft,herkunft,noun,herkunft,docs/cefr/goethe_a1_wortliste.pdf
Geburtsort,geburtsort,noun,geburtsort,docs/cefr/goethe_a1_wortliste.pdf
Aussehen,aussehen,noun,aussehen,docs/cefr/goethe_a1_wortliste.pdf
Alter,alter,noun,alter,docs/cefr/goethe_a1_wortliste.pdf
Gewohnheiten,gewohnheiten,noun,gewohnheit,docs/cefr/goethe_a1_wortliste.pdf
Tagesablauf,tagesablauf,noun,tagesablauf,docs/cefr/goethe_a1_wortliste.pdf
Wohnen,wohnen,noun,wohnen,docs/cefr/goethe_a1_wortliste.pdf
Haushalt,haushalt,noun,haushalt,docs/cefr/goethe_a1_wortliste.pdf
technische,technische,adjective,technisch,docs/cefr/goethe_a1_wortliste.pdf
Wohnung,wohnung,noun,wohnung,docs/cefr/goethe_a1_wortliste.pdf
richtungen,richtungen,noun,richtung,docs/cefr/goethe_a1_wortliste.pdf
Räume,räume,noun,raum,docs/cefr/goethe_a1_wortliste.pdf
Miete,miete,noun,miete,docs/cefr/goethe_a1_wortliste.pdf
Mietverhältnis,mietverhältnis,noun,mietverhältnis,docs/cefr/goethe_a1_wortliste.pdf
Einrichtung,einrichtung,noun,einrichtung,docs/cefr/goethe_a1_wortliste.pdf
Möbel,möbel,noun,möbel,docs/cefr/goethe_a1_wortliste.pdf
Wohnungswechsel,wohnungswechsel,noun,wohnungswechsel,docs/cefr/goethe_a1_wortliste.pdf
Umwelt,umwelt,noun,umwelt,docs/cefr/goethe_a1_wortliste.pdf
Reisen,reisen,noun,reise,docs/cefr/goethe_a1_wortliste.pdf
Verkehr,verkehr,noun,verkehr,docs/cefr/goethe_a1_wortliste.pdf
Pflanzen,pflanzen,noun,pflanze,docs/cefr/goethe_a1_wortliste.pdf
privater,privater,adjective,privat,docs/cefr/goethe_a1_wortliste.pdf
öffentlicher,öffentlicher,adjective,öffentlich,docs/cefr/goethe_a1_wortliste.pdf
Tiere,tiere,noun,tier,docs/cefr/goethe_a1_wortliste.pdf
Klima,klima,noun,klima,docs/cefr/goethe_a1_wortliste.pdf
Wetter,wetter,noun,wetter,docs/cefr/goethe_a1_wortliste.pdf
Unterkunft,unterkunft,noun,unterkunft,docs/cefr/goethe_a1_wortliste.pdf
Gepäck,gepäck,noun,gepäck,docs/cefr/goethe_a1_wortliste.pdf
Essen,essen,proper noun,essen,docs/cefr/goethe_a1_wortliste.pdf
Trinken,trinken,noun,trinken,docs/cefr/goethe_a1_wortliste.pdf
Einkaufen,einkaufen,noun,einkaufen,docs/cefr/goethe_a1_wortliste.pdf
Gebrauchsartikel,gebrauchsartikel,noun,gebrauchsartikel,docs/cefr/goethe_a1_wortliste.pdf
Nahrungsmittel,nahrungsmittel,noun,nahrungsmittel,docs/cefr/goethe_a1_wortliste.pdf
Geschäfte,geschäfte,noun,geschäft,docs/cefr/goethe_a1_wortliste.pdf
Mahlzeiten,mahlzeiten,noun,mahlzeit,docs/cefr/goethe_a1_wortliste.pdf
Preis,preis,noun,preis,docs/cefr/goethe_a1_wortliste.pdf
Bezahlen,bezahlen,verb,bezahlen,docs/cefr/goethe_a1_wortliste.pdf
Speisen,speisen,noun,speise,docs/cefr/goethe_a1_wortliste.pdf
Lebensmittel,lebensmittel,noun,lebensmittel,docs/cefr/goethe_a1_wortliste.pdf
Getränke,getränke,noun,getränk,docs/cefr/goethe_a1_wortliste.pdf
Kleidung,kleidung,noun,kleidung,docs/cefr/goethe_a1_wortliste.pdf
Lokale,lokale,noun,lokale,docs/cefr/goethe_a1_wortliste.pdf
Restaurant,restaurant,noun,restaurant,docs/cefr/goethe_a1_wortliste.pdf
Caf,caf,noun,caf,docs/cefr/goethe_a1_wortliste.pdf
Dienstleistungen,dienstleistungen,noun,dienstleistung,docs/cefr/goethe_a1_wortliste.pdf
Erziehung,erziehung,noun,erziehung,docs/cefr/goethe_a1_wortliste.pdf
Ausbildung,ausbildung,noun,ausbildung,docs/cefr/goethe_a1_wortliste.pdf
Lernen,lernen,noun,lernen,docs/cefr/goethe_a1_wortliste.pdf
Post,post,noun,post,docs/cefr/goethe_a1_wortliste.pdf
Kinderbetreuung,kinderbetreuung,noun,kinderbetreuung,docs/cefr/goethe_a1_wortliste.pdf
Telekommunikation,telekommunikation,noun,telekommunikation,docs/cefr/goethe_a1_wortliste.pdf
Schule,schule,noun,schule,docs/cefr/goethe_a1_wortliste.pdf
Banken,banken,noun,bank,docs/cefr/goethe_a1_wortliste.pdf
lernen,lernen,verb,lernen,docs/cefr/goethe_a1_wortliste.pdf
Polizei,polizei,noun,polizei,docs/cefr/goethe_a1_wortliste.pdf
Arbeit,arbeit,noun,arbeit,docs/cefr/goethe_a1_wortliste.pdf
Beruf,beruf,noun,beruf,docs/cefr/goethe_a1_wortliste.pdf
Freizeit,freizeit,noun,freizeit,docs/cefr/goethe_a1_wortliste.pdf
Unterhaltung,unterhaltung,noun,unterhaltung,docs/cefr/goethe_a1_wortliste.pdf
Arbeitsplatz,arbeitsplatz,noun,arbeitsplatz,docs/cefr/goethe_a1_wortliste.pdf
Interessen,interessen,noun,interesse,docs/cefr/goethe_a1_wortliste.pdf
Urlaub,urlaub,noun,urlaub,docs/cefr/goethe_a1_wortliste.pdf
Sport,sport,noun,sport,docs/cefr/goethe_a1_wortliste.pdf
treiben,treiben,verb,treiben,docs/cefr/goethe_a1_wortliste.pdf
Radio,radio,noun,radio,docs/cefr/goethe_a1_wortliste.pdf
Fernsehen,fernsehen,noun,fernsehen,docs/cefr/goethe_a1_wortliste.pdf
Internet,internet,noun,internet,docs/cefr/goethe_a1_wortliste.pdf
Lektüre,lektüre,noun,lektüre,docs/cefr/goethe_a1_wortliste.pdf
Presse,presse,noun,presse,docs/cefr/goethe_a1_wortliste.pdf
zugrunde,zugrunde,adverb,zugrunde,docs/cefr/goethe_a1_wortliste.pdf
liegende,liegende,adjective,liegend,docs/cefr/goethe_a1_wortliste.pdf
zwei,zwei,numeral,zwei,docs/cefr/goethe_a1_wortliste.pdf
befindet,befindet,verb,befinden,docs/cefr/goethe_a1_wortliste.pdf
mit,mit,preposition,mit,docs/cefr/goethe_a1_wortliste.pdf
Kategorien,kategorien,noun,kategorie,docs/cefr/goethe_a1_wortliste.pdf
Ausgenommen,ausgenommen,verb,ausnehmen,docs/cefr/goethe_a1_wortliste.pdf
innerhalb,innerhalb,preposition,innerhalb,docs/cefr/goethe_a1_wortliste.pdf
Lesetexte,lesetexte,noun,lesetext,docs/cefr/goethe_a1_wortliste.pdf
Verständnis,verständnis,noun,verständnis,docs/cefr/goethe_a1_wortliste.pdf
Erfüllen,erfüllen,verb,erfüllen,docs/cefr/goethe_a1_wortliste.pdf
Aufgabe,aufgabe,noun,aufgabe,docs/cefr/goethe_a1_wortliste.pdf
sinntragend,sinntragend,adverb,sinntragend,docs/cefr/goethe_a1_wortliste.pdf
außerdem,außerdem,adverb,außerdem,docs/cefr/goethe_a1_wortliste.pdf
erschließen,erschließen,verb,erschließen,docs/cefr/goethe_a1_wortliste.pdf
lassen,lassen,verb,lassen,docs/cefr/goethe_a1_wortliste.pdf
Auswahl,auswahl,noun,auswahl,docs/cefr/goethe_a1_wortliste.pdf
erfolgt,erfolgt,verb,erfolgen,docs/cefr/goethe_a1_wortliste.pdf
Grundlage,grundlage,noun,grundlage,docs/cefr/goethe_a1_wortliste.pdf
Alltagskommuni,alltagskommuni,proper noun,alltagskommuni,docs/cefr/goethe_a1_wortliste.pdf
tion,tion,noun,tion,docs/cefr/goethe_a1_wortliste.pdf
folgenden,folgenden,adjective,folgend,docs/cefr/goethe_a1_wortliste.pdf
vier,vier,numeral,vier,docs/cefr/goethe_a1_wortliste.pdf
Bereichen,bereichen,noun,bereich,docs/cefr/goethe_a1_wortliste.pdf
beruflicher,beruflicher,adjective,beruflich,docs/cefr/goethe_a1_wortliste.pdf
Bildung,bildung,noun,bildung,docs/cefr/goethe_a1_wortliste.pdf
Aufgenommen,aufgenommen,noun,aufgenomma,docs/cefr/goethe_a1_wortliste.pdf
Bewältigung,bewältigung,noun,bewältigung,docs/cefr/goethe_a1_wortliste.pdf
Prüfungsauf,prüfungsauf,noun,prüfungsauf,docs/cefr/goethe_a1_wortliste.pdf
gaben,gaben,verb,geben,docs/cefr/goethe_a1_wortliste.pdf
unerlässlich,unerlässlich,adverb,unerlässlich,docs/cefr/goethe_a1_wortliste.pdf
Antwort,antwort,noun,antwort,docs/cefr/goethe_a1_wortliste.pdf
bogen,bogen,noun,bogen,docs/cefr/goethe_a1_wortliste.pdf
ankreuzen,ankreuzen,verb,ankreuzen,docs/cefr/goethe_a1_wortliste.pdf
ergänzen,ergänzen,verb,ergänzen,docs/cefr/goethe_a1_wortliste.pdf
zuordnen,zuordnen,verb,zuordnen,docs/cefr/goethe_a1_wortliste.pdf
Frequenzkriterien,frequenzkriterien,noun,frequenzkriterie,docs/cefr/goethe_a1_wortliste.pdf
hinsichtlich,hinsichtlich,preposition,hinsichtlich,docs/cefr/goethe_a1_wortliste.pdf
muttersprachli,muttersprachli,proper noun,muttersprachli,docs/cefr/goethe_a1_wortliste.pdf
chen,chen,proper noun,chen,docs/cefr/goethe_a1_wortliste.pdf
Kommunikation,kommunikation,noun,kommunikation,docs/cefr/goethe_a1_wortliste.pdf
Deutschen,deutschen,noun,deutsche,docs/cefr/goethe_a1_wortliste.pdf
hingegen,hingegen,adverb,hingegen,docs/cefr/goethe_a1_wortliste.pdf
heran,heran,adverb,heran,docs/cefr/goethe_a1_wortliste.pdf
gezogen,gezogen,verb,ziehen,docs/cefr/goethe_a1_wortliste.pdf
unterschieden,unterschieden,verb,unterscheiden,docs/cefr/goethe_a1_wortliste.pdf
mitgezählt,mitgezählt,verb,mitzählen,docs/cefr/goethe_a1_wortliste.pdf
da,da,adverb,da,docs/cefr/goethe_a1_wortliste.pdf
zeigen,zeigen,verb,zeigen,docs/cefr/goethe_a1_wortliste.pdf
ausländisch,ausländisch,adverb,ausländisch,docs/cefr/goethe_a1_wortliste.pdf
telefonieren,telefonieren,verb,telefonieren,docs/cefr/goethe_a1_wortliste.pdf
übernachten,übernachten,verb,übernachten,docs/cefr/goethe_a1_wortliste.pdf
Übernachtung,übernachtung,noun,übernachtung,docs/cefr/goethe_a1_wortliste.pdf
aber,aber,conjunction,aber,docs/cefr/goethe_a1_wortliste.pdf
Bestandteil,bestandteil,noun,bestandteil,docs/cefr/goethe_a1_wortliste.pdf
lexikalischen,lexikalischen,adjective,lexikalisch,docs/cefr/goethe_a1_wortliste.pdf
Kunde,kunde,noun,kunde,docs/cefr/goethe_a1_wortliste.pdf
Kundin,kundin,noun,kundin,docs/cefr/goethe_a1_wortliste.pdf
Komposita,komposita,proper noun,komposita,docs/cefr/goethe_a1_wortliste.pdf
bei,bei,preposition,bei,docs/cefr/goethe_a1_wortliste.pdf
Nomen,nomen,noun,nomen,docs/cefr/goethe_a1_wortliste.pdf
Kinderbett,kinderbett,noun,kinderbett,docs/cefr/goethe_a1_wortliste.pdf
aufgenom,aufgenom,noun,aufgenom,docs/cefr/goethe_a1_wortliste.pdf
denn,denn,conjunction,denn,docs/cefr/goethe_a1_wortliste.pdf
Zusammensetzung,zusammensetzung,noun,zusammensetzung,docs/cefr/goethe_a1_wortliste.pdf
erbringt,erbringt,verb,erbringen,docs/cefr/goethe_a1_wortliste.pdf
neuen,neuen,adjective,neu,docs/cefr/goethe_a1_wortliste.pdf
Sinn,sinn,noun,sinn,docs/cefr/goethe_a1_wortliste.pdf
Kindergarten,kindergarten,noun,kindergarten,docs/cefr/goethe_a1_wortliste.pdf
Pluralformen,pluralformen,noun,pluralforme,docs/cefr/goethe_a1_wortliste.pdf
angeführt,angeführt,verb,anführen,docs/cefr/goethe_a1_wortliste.pdf
wo,wo,conjunction,wo,docs/cefr/goethe_a1_wortliste.pdf
Sprachniveau,sprachniveau,noun,sprachniveau,docs/cefr/goethe_a1_wortliste.pdf
relevant,relevant,adverb,relevant,docs/cefr/goethe_a1_wortliste.pdf
Grundstock,grundstock,noun,grundstock,docs/cefr/goethe_a1_wortliste.pdf
ausgewählten,ausgewählten,verb,ausgewählten,docs/cefr/goethe_a1_wortliste.pdf
bilden,bilden,verb,bilden,docs/cefr/goethe_a1_wortliste.pdf
Zertifikat,zertifikat,noun,zertifikat,docs/cefr/goethe_a1_wortliste.pdf
Grundbaustein,grundbaustein,noun,grundbaustein,docs/cefr/goethe_a1_wortliste.pdf
Fremdsprache,fremdsprache,noun,fremdsprache,docs/cefr/goethe_a1_wortliste.pdf
zentrale,zentrale,adjective,zentral,docs/cefr/goethe_a1_wortliste.pdf
Volkshochschulverbands,volkshochschulverbands,noun,volkshochschulverbands,docs/cefr/goethe_a1_wortliste.pdf
Frankfurt,frankfurt,proper noun,frankfurt,docs/cefr/goethe_a1_wortliste.pdf
dritte,dritte,adjective,dritter,docs/cefr/goethe_a1_wortliste.pdf
revidierte,revidierte,verb,revidieren,docs/cefr/goethe_a1_wortliste.pdf
Auflage,auflage,noun,auflage,docs/cefr/goethe_a1_wortliste.pdf
Broschüre,broschüre,noun,broschüre,docs/cefr/goethe_a1_wortliste.pdf
vereinigten,vereinigten,verb,vereinigen,docs/cefr/goethe_a1_wortliste.pdf
Inventarlisten,inventarlisten,noun,inventarlist,docs/cefr/goethe_a1_wortliste.pdf
vergli,vergli,proper noun,vergli,docs/cefr/goethe_a1_wortliste.pdf
Kompendien,kompendien,noun,kompendie,docs/cefr/goethe_a1_wortliste.pdf
Profile,profile,noun,profil,docs/cefr/goethe_a1_wortliste.pdf
Europarat,europarat,proper noun,europarat,docs/cefr/goethe_a1_wortliste.pdf
ÖSD,ösd,proper noun,ösd,docs/cefr/goethe_a1_wortliste.pdf
Nationes,nationes,proper noun,natione,docs/cefr/goethe_a1_wortliste.pdf
München,münchen,proper noun,münchen,docs/cefr/goethe_a1_wortliste.pdf
Langenscheidt,langenscheidt,proper noun,langenscheidt,docs/cefr/goethe_a1_wortliste.pdf
Level,level,noun,level,docs/cefr/goethe_a1_wortliste.pdf
unveröffentlichte,unveröffentlichte,verb,unveröffentlicht,docs/cefr/goethe_a1_wortliste.pdf
Arbeitsfassung,arbeitsfassung,noun,arbeitsfassung,docs/cefr/goethe_a1_wortliste.pdf
John,john,proper noun,john,docs/cefr/goethe_a1_wortliste.pdf
Trim,trim,proper noun,trim,docs/cefr/goethe_a1_wortliste.pdf
Cambridge,cambridge,proper noun,cambridge,docs/cefr/goethe_a1_wortliste.pdf
eins,eins,pronoun,einer,docs/cefr/goethe_a1_wortliste.pdf
achtzehn,achtzehn,numeral,achtzehn,docs/cefr/goethe_a1_wortliste.pdf
neunzehn,neunzehn,numeral,neunzehn,docs/cefr/goethe_a1_wortliste.pdf
drei,drei,numeral,drei,docs/cefr/goethe_a1_wortliste.pdf
zwanzig,zwanzig,numeral,zwanzig,docs/cefr/goethe_a1_wortliste.pdf
einundzwanzig,einundzwanzig,adverb,einundzwanzig,docs/cefr/goethe_a1_wortliste.pdf
fünf,fünf,numeral,fünf,docs/cefr/goethe_a1_wortliste.pdf
dreißig,dreißig,numeral,dreißig,docs/cefr/goethe_a1_wortliste.pdf
sechs,sechs,numeral,sechs,docs/cefr/goethe_a1_wortliste.pdf
vierzig,vierzig,numeral,vierzig,docs/cefr/goethe_a1_wortliste.pdf
sieben,sieben,numeral,sieben,docs/cefr/goethe_a1_wortliste.pdf
fünfzig,fünfzig,numeral,fünfzig,docs/cefr/goethe_a1_wortliste.pdf
acht,acht,numeral,acht,docs/cefr/goethe_a1_wortliste.pdf
sechzig,sechzig,numeral,sechzig,docs/cefr/goethe_a1_wortliste.pdf
neun,neun,numeral,neun,docs/cefr/goethe_a1_wortliste.pdf
siebzig,siebzig,numeral,siebzig,docs/cefr/goethe_a1_wortliste.pdf
zehn,zehn,numeral,zehn,docs/cefr/goethe_a1_wortliste.pdf
achtzig,achtzig,numeral,achtzig,docs/cefr/goethe_a1_wortliste.pdf
elf,elf,numeral,elf,docs/cefr/goethe_a1_wortliste.pdf
neunzig,neunzig,numeral,neunzig,docs/cefr/goethe_a1_wortliste.pdf
zwölf,zwölf,numeral,zwölf,docs/cefr/goethe_a1_wortliste.pdf
hundert,hundert,numeral,hundert,docs/cefr/goethe_a1_wortliste.pdf
dreizehn,dreizehn,numeral,dreizehn,docs/cefr/goethe_a1_wortliste.pdf
hunderteins,hunderteins,proper noun,hundertein,docs/cefr/goethe_a1_wortliste.pdf
vierzehn,vierzehn,numeral,vierzehn,docs/cefr/goethe_a1_wortliste.pdf
zweihundert,zweihundert,numeral,zweihundert,docs/cefr/goethe_a1_wortliste.pdf
fünfzehn,fünfzehn,numeral,fünfzehn,docs/cefr/goethe_a1_wortliste.pdf
tausend,tausend,numeral,tausend,docs/cefr/goethe_a1_wortliste.pdf
sechzehn,sechzehn,numeral,sechzehn,docs/cefr/goethe_a1_wortliste.pdf
Million,million,noun,million,docs/cefr/goethe_a1_wortliste.pdf
siebzehn,siebzehn,numeral,siebzehn,docs/cefr/goethe_a1_wortliste.pdf
Milliarde,milliarde,noun,milliarde,docs/cefr/goethe_a1_wortliste.pdf
zweite,zweite,adjective,zweiter,docs/cefr/goethe_a1_wortliste.pdf
vierte,vierte,adjective,vierter,docs/cefr/goethe_a1_wortliste.pdf
halb,halb,adverb,halb,docs/cefr/goethe_a1_wortliste.pdf
Uhrzeit,uhrzeit,noun,uhrzeit,docs/cefr/goethe_a1_wortliste.pdf
Viertel,viertel,noun,viertel,docs/cefr/goethe_a1_wortliste.pdf
neunzehnhundertneunundneunzig,neunzehnhundertneunundneunzig,adverb,neunzehnhundertneunundneunzig,docs/cefr/goethe_a1_wortliste.pdf
zweitausendvierzehn,zweitausendvierzehn,proper noun,zweitausendvierzehn,docs/cefr/goethe_a1_wortliste.pdf
März,märz,noun,märz,docs/cefr/goethe_a1_wortliste.pdf
Berlin,berlin,proper noun,berlin,docs/cefr/goethe_a1_wortliste.pdf
April,april,noun,april,docs/cefr/goethe_a1_wortliste.pdf
zwölfter,zwölfter,noun,zwölfter,docs/cefr/goethe_a1_wortliste.pdf
Vierter,vierter,noun,vierte,docs/cefr/goethe_a1_wortliste.pdf
zweitausendzwei,zweitausendzwei,verb,zweitausendzwei,docs/cefr/goethe_a1_wortliste.pdf
Uhr,uhr,noun,uhr,docs/cefr/goethe_a1_wortliste.pdf
null,null,numeral,null,docs/cefr/goethe_a1_wortliste.pdf
vierundzwanzig,vierundzwanzig,numeral,vierundzwanzig,docs/cefr/goethe_a1_wortliste.pdf
Minuten,minuten,noun,minute,docs/cefr/goethe_a1_wortliste.pdf
nach,nach,preposition,nach,docs/cefr/goethe_a1_wortliste.pdf
Zeitmaße,zeitmaße,noun,zeitmaße,docs/cefr/goethe_a1_wortliste.pdf
Zeitangaben,zeitangaben,noun,zeitangabe,docs/cefr/goethe_a1_wortliste.pdf
Sekunde,sekunde,noun,sekunde,docs/cefr/goethe_a1_wortliste.pdf
Tag,tag,noun,tag,docs/cefr/goethe_a1_wortliste.pdf
Woche,woche,noun,woche,docs/cefr/goethe_a1_wortliste.pdf
Stunde,stunde,noun,stunde,docs/cefr/goethe_a1_wortliste.pdf
Wochentag,wochentag,noun,wochentag,docs/cefr/goethe_a1_wortliste.pdf
Wochenende,wochenende,noun,wochenende,docs/cefr/goethe_a1_wortliste.pdf
Sonntag,sonntag,noun,sonntag,docs/cefr/goethe_a1_wortliste.pdf
Montag,montag,noun,montag,docs/cefr/goethe_a1_wortliste.pdf
Dienstag,dienstag,noun,dienstag,docs/cefr/goethe_a1_wortliste.pdf
Mittwoch,mittwoch,noun,mittwoch,docs/cefr/goethe_a1_wortliste.pdf
Donnerstag,donnerstag,noun,donnerstag,docs/cefr/goethe_a1_wortliste.pdf
Freitag,freitag,noun,freitag,docs/cefr/goethe_a1_wortliste.pdf
Samstag,samstag,noun,samstag,docs/cefr/goethe_a1_wortliste.pdf
Sonnabend,sonnabend,noun,sonnabend,docs/cefr/goethe_a1_wortliste.pdf
Tageszeiten,tageszeiten,noun,tageszeit,docs/cefr/goethe_a1_wortliste.pdf
Nachmittag,nachmittag,noun,nachmittag,docs/cefr/goethe_a1_wortliste.pdf
Morgen,morgen,adverb,morgen,docs/cefr/goethe_a1_wortliste.pdf
Abend,abend,noun,abend,docs/cefr/goethe_a1_wortliste.pdf
Vormittag,vormittag,noun,vormittag,docs/cefr/goethe_a1_wortliste.pdf
Nacht,nacht,noun,nacht,docs/cefr/goethe_a1_wortliste.pdf
Mittag,mittag,noun,mittag,docs/cefr/goethe_a1_wortliste.pdf
Monatsnamen,monatsnamen,noun,monatsname,docs/cefr/goethe_a1_wortliste.pdf
Januar,januar,noun,januar,docs/cefr/goethe_a1_wortliste.pdf
Juli,juli,noun,juli,docs/cefr/goethe_a1_wortliste.pdf
Februar,februar,noun,februar,docs/cefr/goethe_a1_wortliste.pdf
August,august,proper noun,august,docs/cefr/goethe_a1_wortliste.pdf
September,september,noun,september,docs/cefr/goethe_a1_wortliste.pdf
Oktober,oktober,noun,oktober,docs/cefr/goethe_a1_wortliste.pdf
Mai,mai,noun,mai,docs/cefr/goethe_a1_wortliste.pdf
November,november,noun,november,docs/cefr/goethe_a1_wortliste.pdf
Juni,juni,noun,juni,docs/cefr/goethe_a1_wortliste.pdf
Dezember,dezember,noun,dezember,docs/cefr/goethe_a1_wortliste.pdf
Jahreszeiten,jahreszeiten,noun,jahreszeit,docs/cefr/goethe_a1_wortliste.pdf
Frühling,frühling,noun,frühling,docs/cefr/goethe_a1_wortliste.pdf
Frühjahr,frühjahr,noun,frühjahr,docs/cefr/goethe_a1_wortliste.pdf
Herbst,herbst,noun,herbst,docs/cefr/goethe_a1_wortliste.pdf
Sommer,sommer,noun,sommer,docs/cefr/goethe_a1_wortliste.pdf
Winter,winter,noun,winter,docs/cefr/goethe_a1_wortliste.pdf
Währungen,währungen,noun,währung,docs/cefr/goethe_a1_wortliste.pdf
Euro,euro,noun,euro,docs/cefr/goethe_a1_wortliste.pdf
Cent,cent,noun,cent,docs/cefr/goethe_a1_wortliste.pdf
Maße,maße,noun,maß,docs/cefr/goethe_a1_wortliste.pdf
Gewichte,gewichte,noun,gewicht,docs/cefr/goethe_a1_wortliste.pdf
Meter,meter,noun,meter,docs/cefr/goethe_a1_wortliste.pdf
Zentimeter,zentimeter,noun,zentimeter,docs/cefr/goethe_a1_wortliste.pdf
Kilometer,kilometer,noun,kilometer,docs/cefr/goethe_a1_wortliste.pdf
Quadratmeter,quadratmeter,noun,quadratmeter,docs/cefr/goethe_a1_wortliste.pdf
Grad,grad,noun,grad,docs/cefr/goethe_a1_wortliste.pdf
minus,minus,preposition,minus,docs/cefr/goethe_a1_wortliste.pdf
plus,plus,conjunction,plus,docs/cefr/goethe_a1_wortliste.pdf
Prozent,prozent,noun,prozent,docs/cefr/goethe_a1_wortliste.pdf
Liter,liter,noun,liter,docs/cefr/goethe_a1_wortliste.pdf
Gramm,gramm,noun,gramm,docs/cefr/goethe_a1_wortliste.pdf
Pfund,pfund,noun,pfund,docs/cefr/goethe_a1_wortliste.pdf
Kilo,kilo,noun,kilo,docs/cefr/goethe_a1_wortliste.pdf
Länder,länder,noun,land,docs/cefr/goethe_a1_wortliste.pdf
Ländernamen,ländernamen,noun,ländernam,docs/cefr/goethe_a1_wortliste.pdf
Europa,europa,proper noun,europa,docs/cefr/goethe_a1_wortliste.pdf
Europäer,europäer,noun,europäer,docs/cefr/goethe_a1_wortliste.pdf
europäisch,europäisch,adverb,europäisch,docs/cefr/goethe_a1_wortliste.pdf
Angabe,angabe,noun,angabe,docs/cefr/goethe_a1_wortliste.pdf
eigenen,eigenen,adjective,eigen,docs/cefr/goethe_a1_wortliste.pdf
Bewohner,bewohner,noun,bewohner,docs/cefr/goethe_a1_wortliste.pdf
Türkei,türkei,proper noun,türkei,docs/cefr/goethe_a1_wortliste.pdf
Türke,türke,noun,türke,docs/cefr/goethe_a1_wortliste.pdf
Türkin,türkin,noun,türkin,docs/cefr/goethe_a1_wortliste.pdf
türkisch,türkisch,adverb,türkisch,docs/cefr/goethe_a1_wortliste.pdf
Finnland,finnland,proper noun,finnland,docs/cefr/goethe_a1_wortliste.pdf
Finne,finne,noun,finne,docs/cefr/goethe_a1_wortliste.pdf
Finnin,finnin,proper noun,finnin,docs/cefr/goethe_a1_wortliste.pdf
finnisch,finnisch,adverb,finnisch,docs/cefr/goethe_a1_wortliste.pdf
Mexiko,mexiko,proper noun,mexiko,docs/cefr/goethe_a1_wortliste.pdf
Mexikaner,mexikaner,noun,mexikaner,docs/cefr/goethe_a1_wortliste.pdf
Mexikanerin,mexikanerin,noun,mexikanerin,docs/cefr/goethe_a1_wortliste.pdf
mexikanisch,mexikanisch,adverb,mexikanisch,docs/cefr/goethe_a1_wortliste.pdf
Farben,farben,noun,farbe,docs/cefr/goethe_a1_wortliste.pdf
schwarz,schwarz,adverb,schwarz,docs/cefr/goethe_a1_wortliste.pdf
grau,grau,adverb,grau,docs/cefr/goethe_a1_wortliste.pdf
blau,blau,adverb,blau,docs/cefr/goethe_a1_wortliste.pdf
grün,grün,adverb,grün,docs/cefr/goethe_a1_wortliste.pdf
weiß,weiß,verb,wissen,docs/cefr/goethe_a1_wortliste.pdf
rot,rot,adverb,rot,docs/cefr/goethe_a1_wortliste.pdf
gelb,gelb,adverb,gelb,docs/cefr/goethe_a1_wortliste.pdf
braun,braun,proper noun,braun,docs/cefr/goethe_a1_wortliste.pdf
Himmelsrichtungen,himmelsrichtungen,noun,himmelsrichtung,docs/cefr/goethe_a1_wortliste.pdf
Norden,norden,noun,norden,docs/cefr/goethe_a1_wortliste.pdf
Süden,süden,noun,süden,docs/cefr/goethe_a1_wortliste.pdf
Westen,westen,noun,westen,docs/cefr/goethe_a1_wortliste.pdf
Osten,osten,noun,osten,docs/cefr/goethe_a1_wortliste.pdf
ab,ab,preposition,ab,docs/cefr/goethe_a1_wortliste.pdf
muss,muss,verb,mussen,docs/cefr/goethe_a1_wortliste.pdf
ich,ich,pronoun,ich,docs/cefr/goethe_a1_wortliste.pdf
arbeiten,arbeiten,verb,arbeiten,docs/cefr/goethe_a1_wortliste.pdf
oft,oft,adverb,oft,docs/cefr/goethe_a1_wortliste.pdf
Büro,büro,noun,büro,docs/cefr/goethe_a1_wortliste.pdf
nur,nur,adverb,nur,docs/cefr/goethe_a1_wortliste.pdf
abfahren,abfahren,verb,abfahren,docs/cefr/goethe_a1_wortliste.pdf
Wir,wir,pronoun,wir,docs/cefr/goethe_a1_wortliste.pdf
fahren,fahren,verb,fahren,docs/cefr/goethe_a1_wortliste.pdf
Abfahrt,abfahrt,noun,abfahrt,docs/cefr/goethe_a1_wortliste.pdf
rufe,rufe,verb,rufen,docs/cefr/goethe_a1_wortliste.pdf
abgeben,abgeben,verb,abgeben,docs/cefr/goethe_a1_wortliste.pdf
meine,meine,article,mein,docs/cefr/goethe_a1_wortliste.pdf
Schlüssel,schlüssel,noun,schlüssel,docs/cefr/goethe_a1_wortliste.pdf
abholen,abholen,verb,abholen,docs/cefr/goethe_a1_wortliste.pdf
Wann,wann,conjunction,wann,docs/cefr/goethe_a1_wortliste.pdf
kann,kann,verb,können,docs/cefr/goethe_a1_wortliste.pdf
Schrank,schrank,noun,schrank,docs/cefr/goethe_a1_wortliste.pdf
dir,dir,pronoun,dir,docs/cefr/goethe_a1_wortliste.pdf
müssen,müssen,verb,müssen,docs/cefr/goethe_a1_wortliste.pdf
noch,noch,conjunction,noch,docs/cefr/goethe_a1_wortliste.pdf
meinen,meinen,verb,meinen,docs/cefr/goethe_a1_wortliste.pdf
Bruder,bruder,noun,bruder,docs/cefr/goethe_a1_wortliste.pdf
Absender,absender,noun,absender,docs/cefr/goethe_a1_wortliste.pdf
Da,da,conjunction,da,docs/cefr/goethe_a1_wortliste.pdf
Brief,brief,noun,brief,docs/cefr/goethe_a1_wortliste.pdf
dich,dich,pronoun,dich,docs/cefr/goethe_a1_wortliste.pdf
ohne,ohne,preposition,ohne,docs/cefr/goethe_a1_wortliste.pdf
Achtung,achtung,noun,achtung,docs/cefr/goethe_a1_wortliste.pdf
dürfen,dürfen,verb,dürfen,docs/cefr/goethe_a1_wortliste.pdf
tun,tun,verb,tun,docs/cefr/goethe_a1_wortliste.pdf
Können,können,noun,können,docs/cefr/goethe_a1_wortliste.pdf
mir,mir,pronoun,mir,docs/cefr/goethe_a1_wortliste.pdf
seine,seine,article,sein,docs/cefr/goethe_a1_wortliste.pdf
sagen,sagen,verb,sagen,docs/cefr/goethe_a1_wortliste.pdf
all,all,article,all,docs/cefr/goethe_a1_wortliste.pdf
Gute,gute,adverb,gut,docs/cefr/goethe_a1_wortliste.pdf
Freunde,freunde,noun,freund,docs/cefr/goethe_a1_wortliste.pdf
kommen,kommen,verb,kommen,docs/cefr/goethe_a1_wortliste.pdf
Hast,hast,verb,hast,docs/cefr/goethe_a1_wortliste.pdf
du,du,pronoun,du,docs/cefr/goethe_a1_wortliste.pdf
allein,allein,adverb,allein,docs/cefr/goethe_a1_wortliste.pdf
Er,er,pronoun,er,docs/cefr/goethe_a1_wortliste.pdf
also,also,adverb,also,docs/cefr/goethe_a1_wortliste.pdf
so,so,adverb,so,docs/cefr/goethe_a1_wortliste.pdf
hat,hat,verb,haben,docs/cefr/goethe_a1_wortliste.pdf
Zeit,zeit,noun,zeit,docs/cefr/goethe_a1_wortliste.pdf
uns,uns,pronoun,uns,docs/cefr/goethe_a1_wortliste.pdf
helfen,helfen,verb,helfen,docs/cefr/goethe_a1_wortliste.pdf
alt,alt,adverb,alt,docs/cefr/goethe_a1_wortliste.pdf
Wie,wie,adverb,wie,docs/cefr/goethe_a1_wortliste.pdf
Mein,mein,pronoun,mein,docs/cefr/goethe_a1_wortliste.pdf
Auto,auto,noun,auto,docs/cefr/goethe_a1_wortliste.pdf
schon,schon,adverb,schon,docs/cefr/goethe_a1_wortliste.pdf
sehr,sehr,adverb,sehr,docs/cefr/goethe_a1_wortliste.pdf
wohnen,wohnen,verb,wohnen,docs/cefr/goethe_a1_wortliste.pdf
alten,alten,adjective,alt,docs/cefr/goethe_a1_wortliste.pdf
Haus,haus,noun,haus,docs/cefr/goethe_a1_wortliste.pdf
Köln,köln,proper noun,köln,docs/cefr/goethe_a1_wortliste.pdf
Stadt,stadt,noun,stadt,docs/cefr/goethe_a1_wortliste.pdf
Fahren,fahren,noun,fahren,docs/cefr/goethe_a1_wortliste.pdf
nächsten,nächsten,adjective,nächster,docs/cefr/goethe_a1_wortliste.pdf
Straße,straße,noun,straße,docs/cefr/goethe_a1_wortliste.pdf
rechts,rechts,adverb,rechts,docs/cefr/goethe_a1_wortliste.pdf
treffen,treffen,verb,treffen,docs/cefr/goethe_a1_wortliste.pdf
Bahnhof,bahnhof,noun,bahnhof,docs/cefr/goethe_a1_wortliste.pdf
geht,geht,verb,gehen,docs/cefr/goethe_a1_wortliste.pdf
leider,leider,adverb,leider,docs/cefr/goethe_a1_wortliste.pdf
anbieten,anbieten,verb,anbieten,docs/cefr/goethe_a1_wortliste.pdf
Was,was,pronoun,was,docs/cefr/goethe_a1_wortliste.pdf
Angebot,angebot,noun,angebot,docs/cefr/goethe_a1_wortliste.pdf
Sportschuhe,sportschuhe,noun,sportschuh,docs/cefr/goethe_a1_wortliste.pdf
ander,ander,adverb,ander,docs/cefr/goethe_a1_wortliste.pdf
WiIlst,wiilst,noun,wiilst,docs/cefr/goethe_a1_wortliste.pdf
Jacke,jacke,noun,jacke,docs/cefr/goethe_a1_wortliste.pdf
Nein,nein,particle,nein,docs/cefr/goethe_a1_wortliste.pdf
möchte,möchte,verb,möchten,docs/cefr/goethe_a1_wortliste.pdf
andere,andere,pronoun,anderer,docs/cefr/goethe_a1_wortliste.pdf
anfangen,anfangen,verb,anfangen,docs/cefr/goethe_a1_wortliste.pdf
Hier,hier,adverb,hier,docs/cefr/goethe_a1_wortliste.pdf
fängt,fängt,verb,fangen,docs/cefr/goethe_a1_wortliste.pdf
Bahnhofstraße,bahnhofstraße,noun,bahnhofstraße,docs/cefr/goethe_a1_wortliste.pdf
Unterricht,unterricht,noun,unterricht,docs/cefr/goethe_a1_wortliste.pdf
gleich,gleich,adverb,gleich,docs/cefr/goethe_a1_wortliste.pdf
Anfang,anfang,noun,anfang,docs/cefr/goethe_a1_wortliste.pdf
machen,machen,verb,machen,docs/cefr/goethe_a1_wortliste.pdf
anklicken,anklicken,verb,anklicken,docs/cefr/goethe_a1_wortliste.pdf
musst,musst,verb,musst,docs/cefr/goethe_a1_wortliste.pdf
ankommen,ankommen,verb,ankommen,docs/cefr/goethe_a1_wortliste.pdf
Zug,zug,noun,zug,docs/cefr/goethe_a1_wortliste.pdf
Hamburg,hamburg,proper noun,hamburg,docs/cefr/goethe_a1_wortliste.pdf
Ankunft,ankunft,noun,ankunft,docs/cefr/goethe_a1_wortliste.pdf
Plan,plan,noun,plan,docs/cefr/goethe_a1_wortliste.pdf
szeit,szeit,noun,szeit,docs/cefr/goethe_a1_wortliste.pdf
Formular,formular,noun,formular,docs/cefr/goethe_a1_wortliste.pdf
mehreren,mehreren,pronoun,mehrere,docs/cefr/goethe_a1_wortliste.pdf
Stellen,stellen,noun,stelle,docs/cefr/goethe_a1_wortliste.pdf
etwas,etwas,pronoun,etwas,docs/cefr/goethe_a1_wortliste.pdf
anmachen,anmachen,verb,anmachen,docs/cefr/goethe_a1_wortliste.pdf
bitte,bitte,adverb,bitte,docs/cefr/goethe_a1_wortliste.pdf
Licht,licht,noun,licht,docs/cefr/goethe_a1_wortliste.pdf
anmelden,anmelden,verb,anmelden,docs/cefr/goethe_a1_wortliste.pdf
mich,mich,pronoun,mich,docs/cefr/goethe_a1_wortliste.pdf
Anmeldung,anmeldung,noun,anmeldung,docs/cefr/goethe_a1_wortliste.pdf
Kurs,kurs,noun,kurs,docs/cefr/goethe_a1_wortliste.pdf
mehr,mehr,adverb,mehr,docs/cefr/goethe_a1_wortliste.pdf
möglich,möglich,adverb,möglich,docs/cefr/goethe_a1_wortliste.pdf
Anrede,anrede,noun,anrede,docs/cefr/goethe_a1_wortliste.pdf
Schreiben,schreiben,noun,schreiben,docs/cefr/goethe_a1_wortliste.pdf
Gruß,gruß,noun,gruß,docs/cefr/goethe_a1_wortliste.pdf
anrufen,anrufen,verb,anrufen,docs/cefr/goethe_a1_wortliste.pdf
man,man,pronoun,man,docs/cefr/goethe_a1_wortliste.pdf
Peter,peter,proper noun,peter,docs/cefr/goethe_a1_wortliste.pdf
kurz,kurz,adverb,kurz,docs/cefr/goethe_a1_wortliste.pdf
Freundin,freundin,noun,freundin,docs/cefr/goethe_a1_wortliste.pdf
Anruf,anruf,noun,anruf,docs/cefr/goethe_a1_wortliste.pdf
bekommt,bekommt,verb,bekommen,docs/cefr/goethe_a1_wortliste.pdf
viele,viele,pronoun,vieler,docs/cefr/goethe_a1_wortliste.pdf
ihrem,ihrem,article,ihr,docs/cefr/goethe_a1_wortliste.pdf
Handy,handy,noun,handy,docs/cefr/goethe_a1_wortliste.pdf
Moment,moment,noun,moment,docs/cefr/goethe_a1_wortliste.pdf
Sprechen,sprechen,noun,sprechen,docs/cefr/goethe_a1_wortliste.pdf
beantworter,beantworter,noun,beantworter,docs/cefr/goethe_a1_wortliste.pdf
Anrufbeantworter,anrufbeantworter,noun,anrufbeantworter,docs/cefr/goethe_a1_wortliste.pdf
Ansage,ansage,noun,ansage,docs/cefr/goethe_a1_wortliste.pdf
Hören,hören,noun,hören,docs/cefr/goethe_a1_wortliste.pdf
Ansagen,ansagen,noun,ansag,docs/cefr/goethe_a1_wortliste.pdf
Anschluss,anschluss,noun,anschluss,docs/cefr/goethe_a1_wortliste.pdf
Mannheim,mannheim,proper noun,mannheim,docs/cefr/goethe_a1_wortliste.pdf
Saarbrücken,saarbrücken,proper noun,saarbrücken,docs/cefr/goethe_a1_wortliste.pdf
Telefonanschluss,telefonanschluss,noun,telefonanschluss,docs/cefr/goethe_a1_wortliste.pdf
antwortet,antwortet,verb,antworten,docs/cefr/goethe_a1_wortliste.pdf
keine,keine,article,kein,docs/cefr/goethe_a1_wortliste.pdf
Anzeige,anzeige,noun,anzeige,docs/cefr/goethe_a1_wortliste.pdf
Zeitung,zeitung,noun,zeitung,docs/cefr/goethe_a1_wortliste.pdf
gelesen,gelesen,verb,lesen,docs/cefr/goethe_a1_wortliste.pdf
anziehen,anziehen,verb,anziehen,docs/cefr/goethe_a1_wortliste.pdf
Apartment,apartment,noun,apartment,docs/cefr/goethe_a1_wortliste.pdf
gemietet,gemietet,verb,mieten,docs/cefr/goethe_a1_wortliste.pdf
Apfel,apfel,noun,apfel,docs/cefr/goethe_a1_wortliste.pdf
Äpfel,äpfel,noun,äpfel,docs/cefr/goethe_a1_wortliste.pdf
sucht,sucht,verb,suchen,docs/cefr/goethe_a1_wortliste.pdf
arbeitslos,arbeitslos,adverb,arbeitslos,docs/cefr/goethe_a1_wortliste.pdf
Leute,leute,noun,leute,docs/cefr/goethe_a1_wortliste.pdf
lange,lange,adverb,lange,docs/cefr/goethe_a1_wortliste.pdf
fehlt,fehlt,verb,fehlen,docs/cefr/goethe_a1_wortliste.pdf
Drucker,drucker,noun,drucker,docs/cefr/goethe_a1_wortliste.pdf
Arm,arm,noun,arm,docs/cefr/goethe_a1_wortliste.pdf
weh,weh,adverb,weh,docs/cefr/goethe_a1_wortliste.pdf
Arzt,arzt,noun,arzt,docs/cefr/goethe_a1_wortliste.pdf
Termin,termin,noun,termin,docs/cefr/goethe_a1_wortliste.pdf
Ärztin,ärztin,noun,ärztin,docs/cefr/goethe_a1_wortliste.pdf
Spanier,spanier,noun,spanier,docs/cefr/goethe_a1_wortliste.pdf
Kinder,kinder,noun,kind,docs/cefr/goethe_a1_wortliste.pdf
spielen,spielen,verb,spielen,docs/cefr/goethe_a1_wortliste.pdf
heißt,heißt,verb,heißen,docs/cefr/goethe_a1_wortliste.pdf
schwere,schwere,adjective,schwer,docs/cefr/goethe_a1_wortliste.pdf
aufhören,aufhören,verb,aufhören,docs/cefr/goethe_a1_wortliste.pdf
hört,hört,verb,hören,docs/cefr/goethe_a1_wortliste.pdf
brauchst,brauchst,verb,brauchst,docs/cefr/goethe_a1_wortliste.pdf
aufstehen,aufstehen,verb,aufstehen,docs/cefr/goethe_a1_wortliste.pdf
immer,immer,adverb,immer,docs/cefr/goethe_a1_wortliste.pdf
Aufzug,aufzug,noun,aufzug,docs/cefr/goethe_a1_wortliste.pdf
keinen,keinen,pronoun,kein,docs/cefr/goethe_a1_wortliste.pdf
Auge,auge,noun,auge,docs/cefr/goethe_a1_wortliste.pdf
blaue,blaue,adjective,blau,docs/cefr/goethe_a1_wortliste.pdf
Brasilien,brasilien,proper noun,brasilien,docs/cefr/goethe_a1_wortliste.pdf
Ausflug,ausflug,noun,ausflug,docs/cefr/goethe_a1_wortliste.pdf
Heidelberg,heidelberg,proper noun,heidelberg,docs/cefr/goethe_a1_wortliste.pdf
ausfüllen,ausfüllen,verb,ausfüllen,docs/cefr/goethe_a1_wortliste.pdf
Füllen,füllen,noun,füllen,docs/cefr/goethe_a1_wortliste.pdf
Ausgang,ausgang,noun,ausgang,docs/cefr/goethe_a1_wortliste.pdf
Auskunft,auskunft,noun,auskunft,docs/cefr/goethe_a1_wortliste.pdf
SInd,sind,proper noun,sind,docs/cefr/goethe_a1_wortliste.pdf
Ausländerin,ausländerin,noun,ausländerin,docs/cefr/goethe_a1_wortliste.pdf
ausländisches,ausländisches,adjective,ausländisch,docs/cefr/goethe_a1_wortliste.pdf
Geld,geld,noun,geld,docs/cefr/goethe_a1_wortliste.pdf
ausmachen,ausmachen,verb,ausmachen,docs/cefr/goethe_a1_wortliste.pdf
Aussage,aussage,noun,aussage,docs/cefr/goethe_a1_wortliste.pdf
richtig,richtig,adverb,richtig,docs/cefr/goethe_a1_wortliste.pdf
falsch,falsch,adverb,falsch,docs/cefr/goethe_a1_wortliste.pdf
aussehen,aussehen,verb,aussehen,docs/cefr/goethe_a1_wortliste.pdf
schön,schön,adverb,schön,docs/cefr/goethe_a1_wortliste.pdf
aussteigen,aussteigen,verb,aussteigen,docs/cefr/goethe_a1_wortliste.pdf
Ausweis,ausweis,noun,ausweis,docs/cefr/goethe_a1_wortliste.pdf
ausziehen,ausziehen,verb,ausziehen,docs/cefr/goethe_a1_wortliste.pdf
Zieh,zieh,verb,zieh,docs/cefr/goethe_a1_wortliste.pdf
Schuhe,schuhe,noun,schuh,docs/cefr/goethe_a1_wortliste.pdf
Autobahn,autobahn,noun,autobahn,docs/cefr/goethe_a1_wortliste.pdf
Automat,automat,noun,automat,docs/cefr/goethe_a1_wortliste.pdf
Fahrkarten,fahrkarten,noun,fahrkarte,docs/cefr/goethe_a1_wortliste.pdf
automatisch,automatisch,adverb,automatisch,docs/cefr/goethe_a1_wortliste.pdf
nichts,nichts,pronoun,nichts,docs/cefr/goethe_a1_wortliste.pdf
Bäckerei,bäckerei,noun,bäckerei,docs/cefr/goethe_a1_wortliste.pdf
mal,mal,adverb,mal,docs/cefr/goethe_a1_wortliste.pdf
schnell,schnell,adverb,schnell,docs/cefr/goethe_a1_wortliste.pdf
Bad,bad,proper noun,bad,docs/cefr/goethe_a1_wortliste.pdf
großes,großes,adjective,groß,docs/cefr/goethe_a1_wortliste.pdf
baden,baden,verb,baden,docs/cefr/goethe_a1_wortliste.pdf
gern,gern,adverb,gern,docs/cefr/goethe_a1_wortliste.pdf
dusche,dusche,noun,dusche,docs/cefr/goethe_a1_wortliste.pdf
lieber,lieber,adverb,lieb,docs/cefr/goethe_a1_wortliste.pdf
Bahn,bahn,noun,bahn,docs/cefr/goethe_a1_wortliste.pdf
nehme,nehme,verb,nehmen,docs/cefr/goethe_a1_wortliste.pdf
Bahnsteig,bahnsteig,noun,bahnsteig,docs/cefr/goethe_a1_wortliste.pdf
welchem,welchem,article,welcher,docs/cefr/goethe_a1_wortliste.pdf
bald,bald,adverb,bald,docs/cefr/goethe_a1_wortliste.pdf
Balkon,balkon,noun,balkon,docs/cefr/goethe_a1_wortliste.pdf
kleinen,kleinen,adjective,klein,docs/cefr/goethe_a1_wortliste.pdf
Banane,banane,noun,banane,docs/cefr/goethe_a1_wortliste.pdf
sitzt,sitzt,verb,sitzen,docs/cefr/goethe_a1_wortliste.pdf
Park,park,noun,park,docs/cefr/goethe_a1_wortliste.pdf
bar,bar,adverb,bar,docs/cefr/goethe_a1_wortliste.pdf
Muss,muss,verb,muss,docs/cefr/goethe_a1_wortliste.pdf
zahlen,zahlen,verb,zahlen,docs/cefr/goethe_a1_wortliste.pdf
Karte,karte,noun,karte,docs/cefr/goethe_a1_wortliste.pdf
Bauch,bauch,noun,bauch,docs/cefr/goethe_a1_wortliste.pdf
Seit,seit,conjunction,seit,docs/cefr/goethe_a1_wortliste.pdf
gestern,gestern,adverb,gestern,docs/cefr/goethe_a1_wortliste.pdf
Baum,baum,noun,baum,docs/cefr/goethe_a1_wortliste.pdf
Vorsicht,vorsicht,noun,vorsicht,docs/cefr/goethe_a1_wortliste.pdf
fahr,fahr,verb,fahr,docs/cefr/goethe_a1_wortliste.pdf
Beamte,beamte,noun,beamter,docs/cefr/goethe_a1_wortliste.pdf
Fragen,fragen,noun,frage,docs/cefr/goethe_a1_wortliste.pdf
Beamtin,beamtin,noun,beamtin,docs/cefr/goethe_a1_wortliste.pdf
Schalter,schalter,noun,schalter,docs/cefr/goethe_a1_wortliste.pdf
bedeuten,bedeuten,verb,bedeuten,docs/cefr/goethe_a1_wortliste.pdf
beginnen,beginnen,verb,beginnen,docs/cefr/goethe_a1_wortliste.pdf
Spiel,spiel,noun,spiel,docs/cefr/goethe_a1_wortliste.pdf
Offenbach,offenbach,proper noun,offenbach,docs/cefr/goethe_a1_wortliste.pdf
liegt,liegt,verb,liegen,docs/cefr/goethe_a1_wortliste.pdf
Eltern,eltern,noun,eltern,docs/cefr/goethe_a1_wortliste.pdf
regnet,regnet,verb,regnen,docs/cefr/goethe_a1_wortliste.pdf
beide,beide,pronoun,beide,docs/cefr/goethe_a1_wortliste.pdf
Bein,bein,noun,bein,docs/cefr/goethe_a1_wortliste.pdf
rechtes,rechtes,adjective,rechter,docs/cefr/goethe_a1_wortliste.pdf
Kannst,kannst,noun,kannst,docs/cefr/goethe_a1_wortliste.pdf
Viele,viele,pronoun,viele,docs/cefr/goethe_a1_wortliste.pdf
Verwandten,verwandten,noun,verwandte,docs/cefr/goethe_a1_wortliste.pdf
bekannt,bekannt,adverb,bekannt,docs/cefr/goethe_a1_wortliste.pdf
Picasso,picasso,proper noun,picasso,docs/cefr/goethe_a1_wortliste.pdf
Bekannte,bekannte,noun,bekannte,docs/cefr/goethe_a1_wortliste.pdf
Bekannter,bekannter,noun,bekannter,docs/cefr/goethe_a1_wortliste.pdf
Klaus,klaus,proper noun,klaus,docs/cefr/goethe_a1_wortliste.pdf
Medikament,medikament,noun,medikament,docs/cefr/goethe_a1_wortliste.pdf
Apotheke,apotheke,noun,apotheke,docs/cefr/goethe_a1_wortliste.pdf
benutzen,benutzen,verb,benutzen,docs/cefr/goethe_a1_wortliste.pdf
Ihr,ihr,pronoun,ihr,docs/cefr/goethe_a1_wortliste.pdf
besetzt,besetzt,verb,besetzen,docs/cefr/goethe_a1_wortliste.pdf
Platz,platz,noun,platz,docs/cefr/goethe_a1_wortliste.pdf
besichtigen,besichtigen,verb,besichtigen,docs/cefr/goethe_a1_wortliste.pdf
Dom,dom,noun,dom,docs/cefr/goethe_a1_wortliste.pdf
best,best,proper noun,best,docs/cefr/goethe_a1_wortliste.pdf
bestellen,bestellen,verb,bestellen,docs/cefr/goethe_a1_wortliste.pdf
Buch,buch,noun,buch,docs/cefr/goethe_a1_wortliste.pdf
besuchen,besuchen,verb,besuchen,docs/cefr/goethe_a1_wortliste.pdf
Bett,bett,noun,bett,docs/cefr/goethe_a1_wortliste.pdf
brauchen,brauchen,verb,brauchen,docs/cefr/goethe_a1_wortliste.pdf
Bier,bier,noun,bier,docs/cefr/goethe_a1_wortliste.pdf
Noch,noch,adverb,noch,docs/cefr/goethe_a1_wortliste.pdf
Bild,bild,noun,bild,docs/cefr/goethe_a1_wortliste.pdf
deinem,deinem,article,dein,docs/cefr/goethe_a1_wortliste.pdf
Sohn,sohn,noun,sohn,docs/cefr/goethe_a1_wortliste.pdf
billig,billig,adverb,billig,docs/cefr/goethe_a1_wortliste.pdf
kostet,kostet,verb,kosten,docs/cefr/goethe_a1_wortliste.pdf
Birne,birne,noun,birne,docs/cefr/goethe_a1_wortliste.pdf
bis,bis,conjunction,bis,docs/cefr/goethe_a1_wortliste.pdf
Stuttgart,stuttgart,proper noun,stuttgart,docs/cefr/goethe_a1_wortliste.pdf
warte,warte,verb,warten,docs/cefr/goethe_a1_wortliste.pdf
bisschen,bisschen,adverb,bisschen,docs/cefr/goethe_a1_wortliste.pdf
spreche,spreche,verb,sprechen,docs/cefr/goethe_a1_wortliste.pdf
Französisch,französisch,noun,französisch,docs/cefr/goethe_a1_wortliste.pdf
Tasse,tasse,noun,tasse,docs/cefr/goethe_a1_wortliste.pdf
Kaffee,kaffee,noun,kaffee,docs/cefr/goethe_a1_wortliste.pdf
leise,leise,adverb,leise,docs/cefr/goethe_a1_wortliste.pdf
bitten,bitten,verb,bitten,docs/cefr/goethe_a1_wortliste.pdf
bitter,bitter,adverb,bitter,docs/cefr/goethe_a1_wortliste.pdf
schmeckt,schmeckt,verb,schmecken,docs/cefr/goethe_a1_wortliste.pdf
bleiben,bleiben,verb,bleiben,docs/cefr/goethe_a1_wortliste.pdf
Bleistift,bleistift,noun,bleistift,docs/cefr/goethe_a1_wortliste.pdf
Blick,blick,noun,blick,docs/cefr/goethe_a1_wortliste.pdf
Hotel,hotel,noun,hotel,docs/cefr/goethe_a1_wortliste.pdf
guten,guten,adjective,gut,docs/cefr/goethe_a1_wortliste.pdf
Rhein,rhein,proper noun,rhein,docs/cefr/goethe_a1_wortliste.pdf
Blume,blume,noun,blume,docs/cefr/goethe_a1_wortliste.pdf
Gefallen,gefallen,noun,gefallen,docs/cefr/goethe_a1_wortliste.pdf
Antwortbogen,antwortbogen,noun,antwortboge,docs/cefr/goethe_a1_wortliste.pdf
böse,böse,adverb,böse,docs/cefr/goethe_a1_wortliste.pdf
Brauchst,brauchst,proper noun,brauchst,docs/cefr/goethe_a1_wortliste.pdf
breit,breit,adverb,breit,docs/cefr/goethe_a1_wortliste.pdf
Briefmarke,briefmarke,noun,briefmarke,docs/cefr/goethe_a1_wortliste.pdf
Kaufst,kaufst,noun,kaufst,docs/cefr/goethe_a1_wortliste.pdf
bringen,bringen,verb,bringen,docs/cefr/goethe_a1_wortliste.pdf
ihn,ihn,pronoun,ihn,docs/cefr/goethe_a1_wortliste.pdf
Brot,brot,noun,brot,docs/cefr/goethe_a1_wortliste.pdf
Weißbrot,weißbrot,noun,weißbrot,docs/cefr/goethe_a1_wortliste.pdf
Nimm,nimm,adverb,nimm,docs/cefr/goethe_a1_wortliste.pdf
paar,paar,article,paar,docs/cefr/goethe_a1_wortliste.pdf
Fahrt,fahrt,noun,fahrt,docs/cefr/goethe_a1_wortliste.pdf
Brötchen,brötchen,noun,brötchen,docs/cefr/goethe_a1_wortliste.pdf
Möchtest,möchtest,conjunction,möchtest,docs/cefr/goethe_a1_wortliste.pdf
Frühstück,frühstück,noun,frühstück,docs/cefr/goethe_a1_wortliste.pdf
teuer,teuer,adverb,teuer,docs/cefr/goethe_a1_wortliste.pdf
Wörterbuch,wörterbuch,noun,wörterbuch,docs/cefr/goethe_a1_wortliste.pdf
Buchstabe,buchstabe,noun,buchstabe,docs/cefr/goethe_a1_wortliste.pdf
buchstabieren,buchstabieren,verb,buchstabieren,docs/cefr/goethe_a1_wortliste.pdf
Bus,bus,noun,bus,docs/cefr/goethe_a1_wortliste.pdf
Butter,butter,noun,butter,docs/cefr/goethe_a1_wortliste.pdf
Käse,käse,noun,käse,docs/cefr/goethe_a1_wortliste.pdf
CD,cd,noun,cd,docs/cefr/goethe_a1_wortliste.pdf
Lieblings-CD,lieblings-cd,noun,lieblings-cd,docs/cefr/goethe_a1_wortliste.pdf
Chef,chef,noun,chef,docs/cefr/goethe_a1_wortliste.pdf
Chefin,chefin,noun,chefin,docs/cefr/goethe_a1_wortliste.pdf
Mainz,mainz,proper noun,mainz,docs/cefr/goethe_a1_wortliste.pdf
Computer,computer,noun,computer,docs/cefr/goethe_a1_wortliste.pdf
bekommst,bekommst,verb,bekommsen,docs/cefr/goethe_a1_wortliste.pdf
hinten,hinten,adverb,hinten,docs/cefr/goethe_a1_wortliste.pdf
ja,ja,adverb,ja,docs/cefr/goethe_a1_wortliste.pdf
gerade,gerade,adverb,gerade,docs/cefr/goethe_a1_wortliste.pdf
Paul,paul,proper noun,paul,docs/cefr/goethe_a1_wortliste.pdf
Herr,herr,noun,herr,docs/cefr/goethe_a1_wortliste.pdf
Klein,klein,proper noun,klein,docs/cefr/goethe_a1_wortliste.pdf
Dame,dame,noun,dame,docs/cefr/goethe_a1_wortliste.pdf
Toilette,toilette,noun,toilette,docs/cefr/goethe_a1_wortliste.pdf
geehrte,geehrte,adjective,geehrt,docs/cefr/goethe_a1_wortliste.pdf
daneben,daneben,adverb,daneben,docs/cefr/goethe_a1_wortliste.pdf
kennst,kennst,verb,kennen,docs/cefr/goethe_a1_wortliste.pdf
doch,doch,conjunction,doch,docs/cefr/goethe_a1_wortliste.pdf
Ihnen,ihnen,pronoun,ihnen,docs/cefr/goethe_a1_wortliste.pdf
Einladung,einladung,noun,einladung,docs/cefr/goethe_a1_wortliste.pdf
Herzlichen,herzlichen,noun,herzlich,docs/cefr/goethe_a1_wortliste.pdf
dann,dann,adverb,dann,docs/cefr/goethe_a1_wortliste.pdf
schreiben,schreiben,verb,schreiben,docs/cefr/goethe_a1_wortliste.pdf
dauern,dauern,verb,dauern,docs/cefr/goethe_a1_wortliste.pdf
Film,film,noun,film,docs/cefr/goethe_a1_wortliste.pdf
deins,deins,pronoun,dein,docs/cefr/goethe_a1_wortliste.pdf
krank,krank,adverb,krank,docs/cefr/goethe_a1_wortliste.pdf
suchst,suchst,verb,suchst,docs/cefr/goethe_a1_wortliste.pdf
Kuchen,kuchen,noun,kuchen,docs/cefr/goethe_a1_wortliste.pdf
Disco,disco,noun,disco,docs/cefr/goethe_a1_wortliste.pdf
abend,abend,adverb,abend,docs/cefr/goethe_a1_wortliste.pdf
tanzen,tanzen,verb,tanzen,docs/cefr/goethe_a1_wortliste.pdf
Doktor,doktor,noun,doktor,docs/cefr/goethe_a1_wortliste.pdf
Tochter,tochter,noun,tochter,docs/cefr/goethe_a1_wortliste.pdf
Doppelzimmer,doppelzimmer,noun,doppelzimmer,docs/cefr/goethe_a1_wortliste.pdf
Wollen,wollen,verb,wollen,docs/cefr/goethe_a1_wortliste.pdf
Einzelzimmer,einzelzimmer,noun,einzelzimmer,docs/cefr/goethe_a1_wortliste.pdf
Dorf,dorf,noun,dorf,docs/cefr/goethe_a1_wortliste.pdf
lebt,lebt,verb,leben,docs/cefr/goethe_a1_wortliste.pdf
dort,dort,adverb,dort,docs/cefr/goethe_a1_wortliste.pdf
her,her,adverb,her,docs/cefr/goethe_a1_wortliste.pdf
hin,hin,adverb,hin,docs/cefr/goethe_a1_wortliste.pdf
Deine,deine,article,deine,docs/cefr/goethe_a1_wortliste.pdf
Tasche,tasche,noun,tasche,docs/cefr/goethe_a1_wortliste.pdf
kannst,kannst,verb,könnsten,docs/cefr/goethe_a1_wortliste.pdf
dorthin,dorthin,adverb,dorthin,docs/cefr/goethe_a1_wortliste.pdf
stellen,stellen,verb,stellen,docs/cefr/goethe_a1_wortliste.pdf
unser,unser,article,unser,docs/cefr/goethe_a1_wortliste.pdf
draußen,draußen,adverb,draußen,docs/cefr/goethe_a1_wortliste.pdf
drucken,drucken,verb,drucken,docs/cefr/goethe_a1_wortliste.pdf
kaputt,kaputt,adverb,kaputt,docs/cefr/goethe_a1_wortliste.pdf
drücken,drücken,verb,drücken,docs/cefr/goethe_a1_wortliste.pdf
Drück,drück,adverb,drück,docs/cefr/goethe_a1_wortliste.pdf
Breite,breite,noun,breite,docs/cefr/goethe_a1_wortliste.pdf
Durchsage,durchsage,noun,durchsage,docs/cefr/goethe_a1_wortliste.pdf
rauchen,rauchen,verb,rauchen,docs/cefr/goethe_a1_wortliste.pdf
einladen,einladen,verb,einladen,docs/cefr/goethe_a1_wortliste.pdf
Durst,durst,noun,durst,docs/cefr/goethe_a1_wortliste.pdf
trinken,trinken,verb,trinken,docs/cefr/goethe_a1_wortliste.pdf
duschen,duschen,noun,duschen,docs/cefr/goethe_a1_wortliste.pdf
Ecke,ecke,noun,ecke,docs/cefr/goethe_a1_wortliste.pdf
links,links,adverb,links,docs/cefr/goethe_a1_wortliste.pdf
Ehefrau,ehefrau,noun,ehefrau,docs/cefr/goethe_a1_wortliste.pdf
Ehemann,ehemann,noun,ehemann,docs/cefr/goethe_a1_wortliste.pdf
Ehe,ehe,noun,ehe,docs/cefr/goethe_a1_wortliste.pdf
Mann,mann,noun,mann,docs/cefr/goethe_a1_wortliste.pdf
Frau,frau,noun,frau,docs/cefr/goethe_a1_wortliste.pdf
Ei,ei,noun,ei,docs/cefr/goethe_a1_wortliste.pdf
eilig,eilig,adverb,eilig,docs/cefr/goethe_a1_wortliste.pdf
einfach,einfach,adverb,einfach,docs/cefr/goethe_a1_wortliste.pdf
ganz,ganz,adverb,ganz,docs/cefr/goethe_a1_wortliste.pdf
Hin,hin,noun,hin,docs/cefr/goethe_a1_wortliste.pdf
zurück,zurück,adverb,zurück,docs/cefr/goethe_a1_wortliste.pdf
einfaches,einfaches,adjective,einfach,docs/cefr/goethe_a1_wortliste.pdf
Zimmer,zimmer,noun,zimmer,docs/cefr/goethe_a1_wortliste.pdf
Eingang,eingang,noun,eingang,docs/cefr/goethe_a1_wortliste.pdf
einkaufen,einkaufen,verb,einkaufen,docs/cefr/goethe_a1_wortliste.pdf
Danke,danke,noun,danke,docs/cefr/goethe_a1_wortliste.pdf
einmal,einmal,adverb,einmal,docs/cefr/goethe_a1_wortliste.pdf
einsteigen,einsteigen,verb,einsteigen,docs/cefr/goethe_a1_wortliste.pdf
steig,steig,verb,steig,docs/cefr/goethe_a1_wortliste.pdf
Eintritt,eintritt,noun,eintritt,docs/cefr/goethe_a1_wortliste.pdf
Spanien,spanien,proper noun,spanien,docs/cefr/goethe_a1_wortliste.pdf
E-Mail,e-mail,noun,e-mail,docs/cefr/goethe_a1_wortliste.pdf
Empfänger,empfänger,noun,empfänger,docs/cefr/goethe_a1_wortliste.pdf
Welchen,welchen,pronoun,welchen,docs/cefr/goethe_a1_wortliste.pdf
Wein,wein,noun,wein,docs/cefr/goethe_a1_wortliste.pdf
enden,enden,verb,enden,docs/cefr/goethe_a1_wortliste.pdf
Ende,ende,noun,ende,docs/cefr/goethe_a1_wortliste.pdf
entschuldigen,entschuldigen,verb,entschuldigen,docs/cefr/goethe_a1_wortliste.pdf
Entschuldigen,entschuldigen,noun,entschuldigen,docs/cefr/goethe_a1_wortliste.pdf
Entschuldigung,entschuldigung,noun,entschuldigung,docs/cefr/goethe_a1_wortliste.pdf
Ali,ali,proper noun,ali,docs/cefr/goethe_a1_wortliste.pdf
Ergebnis,ergebnis,noun,ergebnis,docs/cefr/goethe_a1_wortliste.pdf
Tests,tests,noun,test,docs/cefr/goethe_a1_wortliste.pdf
erklären,erklären,verb,erklären,docs/cefr/goethe_a1_wortliste.pdf
erlauben,erlauben,verb,erlauben,docs/cefr/goethe_a1_wortliste.pdf
Rauchen,rauchen,noun,rauchen,docs/cefr/goethe_a1_wortliste.pdf
erzählen,erzählen,verb,erzählen,docs/cefr/goethe_a1_wortliste.pdf
euch,euch,pronoun,euch,docs/cefr/goethe_a1_wortliste.pdf
essen,essen,verb,essen,docs/cefr/goethe_a1_wortliste.pdf
euer,euer,article,euer,docs/cefr/goethe_a1_wortliste.pdf
Fahrer,fahrer,noun,fahrer,docs/cefr/goethe_a1_wortliste.pdf
Fahrrad,fahrrad,noun,fahrrad,docs/cefr/goethe_a1_wortliste.pdf
Fährst,fährst,noun,fährst,docs/cefr/goethe_a1_wortliste.pdf
Familienname,familienname,noun,familienname,docs/cefr/goethe_a1_wortliste.pdf
Familiennamen,familiennamen,noun,familiennamen,docs/cefr/goethe_a1_wortliste.pdf
Garc,garc,proper noun,garc,docs/cefr/goethe_a1_wortliste.pdf
Gonz,gonz,proper noun,gonz,docs/cefr/goethe_a1_wortliste.pdf
ledig,ledig,adverb,ledig,docs/cefr/goethe_a1_wortliste.pdf
gefällt,gefällt,verb,gefällen,docs/cefr/goethe_a1_wortliste.pdf
Fax,fax,noun,fax,docs/cefr/goethe_a1_wortliste.pdf
Schicken,schicken,noun,schicken,docs/cefr/goethe_a1_wortliste.pdf
Feier,feier,noun,feier,docs/cefr/goethe_a1_wortliste.pdf
Feierabend,feierabend,noun,feierabend,docs/cefr/goethe_a1_wortliste.pdf
Feiertag,feiertag,noun,feiertag,docs/cefr/goethe_a1_wortliste.pdf
feiern,feiern,verb,feiern,docs/cefr/goethe_a1_wortliste.pdf
Geburtstag,geburtstag,noun,geburtstag,docs/cefr/goethe_a1_wortliste.pdf
Müller,müller,proper noun,müller,docs/cefr/goethe_a1_wortliste.pdf
seit,seit,preposition,seit,docs/cefr/goethe_a1_wortliste.pdf
Fehler,fehler,noun,fehler,docs/cefr/goethe_a1_wortliste.pdf
fertig,fertig,adverb,fertig,docs/cefr/goethe_a1_wortliste.pdf
Bist,bist,verb,bist,docs/cefr/goethe_a1_wortliste.pdf
Feuer,feuer,noun,feuer,docs/cefr/goethe_a1_wortliste.pdf
Fieber,fieber,noun,fieber,docs/cefr/goethe_a1_wortliste.pdf
Firma,firma,noun,firma,docs/cefr/goethe_a1_wortliste.pdf
jetzt,jetzt,adverb,jetzt,docs/cefr/goethe_a1_wortliste.pdf
Fisch,fisch,noun,fisch,docs/cefr/goethe_a1_wortliste.pdf
Fleisch,fleisch,noun,fleisch,docs/cefr/goethe_a1_wortliste.pdf
mag,mag,verb,mögen,docs/cefr/goethe_a1_wortliste.pdf
Flasche,flasche,noun,flasche,docs/cefr/goethe_a1_wortliste.pdf
fliegen,fliegen,verb,fliegen,docs/cefr/goethe_a1_wortliste.pdf
Deshalb,deshalb,adverb,deshalb,docs/cefr/goethe_a1_wortliste.pdf
abfliegen,abfliegen,verb,abfliegen,docs/cefr/goethe_a1_wortliste.pdf
fliegst,fliegst,adverb,fliegst,docs/cefr/goethe_a1_wortliste.pdf
Abflug,abflug,noun,abflug,docs/cefr/goethe_a1_wortliste.pdf
Flughafen,flughafen,noun,flughafen,docs/cefr/goethe_a1_wortliste.pdf
Flugzeug,flugzeug,noun,flugzeug,docs/cefr/goethe_a1_wortliste.pdf
später,später,adverb,spät,docs/cefr/goethe_a1_wortliste.pdf
Foto,foto,noun,foto,docs/cefr/goethe_a1_wortliste.pdf
fragen,fragen,verb,fragen,docs/cefr/goethe_a1_wortliste.pdf
Becker,becker,proper noun,becker,docs/cefr/goethe_a1_wortliste.pdf
Schmitt,schmitt,proper noun,schmitt,docs/cefr/goethe_a1_wortliste.pdf
frei,frei,adverb,frei,docs/cefr/goethe_a1_wortliste.pdf
Fußball,fußball,noun,fußball,docs/cefr/goethe_a1_wortliste.pdf
fremd,fremd,adverb,fremd,docs/cefr/goethe_a1_wortliste.pdf
freuen,freuen,verb,freuen,docs/cefr/goethe_a1_wortliste.pdf
früher,früher,adverb,früh,docs/cefr/goethe_a1_wortliste.pdf
zusammen,zusammen,adverb,zusammen,docs/cefr/goethe_a1_wortliste.pdf
Kino,kino,noun,kino,docs/cefr/goethe_a1_wortliste.pdf
frühstücken,frühstücken,verb,frühstücken,docs/cefr/goethe_a1_wortliste.pdf
frühstücke,frühstücke,verb,frühstück,docs/cefr/goethe_a1_wortliste.pdf
Führung,führung,noun,führung,docs/cefr/goethe_a1_wortliste.pdf
Haustür,haustür,noun,haustür,docs/cefr/goethe_a1_wortliste.pdf
Fuß,fuß,noun,fuß,docs/cefr/goethe_a1_wortliste.pdf
linke,linke,adjective,linker,docs/cefr/goethe_a1_wortliste.pdf
Spielt,spielt,verb,spielt,docs/cefr/goethe_a1_wortliste.pdf
gerne,gerne,adverb,gerne,docs/cefr/goethe_a1_wortliste.pdf
Garten,garten,noun,garten,docs/cefr/goethe_a1_wortliste.pdf
Gast,gast,noun,gast,docs/cefr/goethe_a1_wortliste.pdf
Kugelschreiber,kugelschreiber,noun,kugelschreiber,docs/cefr/goethe_a1_wortliste.pdf
geboren,geboren,verb,gebären,docs/cefr/goethe_a1_wortliste.pdf
Zagreb,zagreb,proper noun,zagreb,docs/cefr/goethe_a1_wortliste.pdf
Geburtsjahr,geburtsjahr,noun,geburtsjahr,docs/cefr/goethe_a1_wortliste.pdf
Sohnes,sohnes,proper noun,sohn,docs/cefr/goethe_a1_wortliste.pdf
Glückwunsch,glückwunsch,noun,glückwunsch,docs/cefr/goethe_a1_wortliste.pdf
gefallen,gefallen,verb,fallen,docs/cefr/goethe_a1_wortliste.pdf
gegen,gegen,preposition,gegen,docs/cefr/goethe_a1_wortliste.pdf
Fahr,fahr,proper noun,fahr,docs/cefr/goethe_a1_wortliste.pdf
Wer,wer,pronoun,wer,docs/cefr/goethe_a1_wortliste.pdf
wen,wen,pronoun,wen,docs/cefr/goethe_a1_wortliste.pdf
gehören,gehören,verb,gehören,docs/cefr/goethe_a1_wortliste.pdf
Wem,wem,adverb,wem,docs/cefr/goethe_a1_wortliste.pdf
Gemüse,gemüse,noun,gemüse,docs/cefr/goethe_a1_wortliste.pdf
mitnehmen,mitnehmen,verb,mitnehmen,docs/cefr/goethe_a1_wortliste.pdf
geradeaus,geradeaus,adverb,geradeaus,docs/cefr/goethe_a1_wortliste.pdf
Geschenk,geschenk,noun,geschenk,docs/cefr/goethe_a1_wortliste.pdf
schöne,schöne,adjective,schön,docs/cefr/goethe_a1_wortliste.pdf
Geschwister,geschwister,noun,geschwister,docs/cefr/goethe_a1_wortliste.pdf
Gespräch,gespräch,noun,gespräch,docs/cefr/goethe_a1_wortliste.pdf
Kunz,kunz,proper noun,kunz,docs/cefr/goethe_a1_wortliste.pdf
gestorben,gestorben,verb,sterben,docs/cefr/goethe_a1_wortliste.pdf
Lieblingsgetränk,lieblingsgetränk,noun,lieblingsgetränk,docs/cefr/goethe_a1_wortliste.pdf
Tomatensaft,tomatensaft,noun,tomatensaft,docs/cefr/goethe_a1_wortliste.pdf
gewinnen,gewinnen,verb,gewinnen,docs/cefr/goethe_a1_wortliste.pdf
Glas,glas,noun,glas,docs/cefr/goethe_a1_wortliste.pdf
glauben,glauben,verb,glauben,docs/cefr/goethe_a1_wortliste.pdf
gleiche,gleiche,adjective,gleich,docs/cefr/goethe_a1_wortliste.pdf
Gleis,gleis,noun,gleis,docs/cefr/goethe_a1_wortliste.pdf
ICE,ice,noun,ice,docs/cefr/goethe_a1_wortliste.pdf
hält,hält,verb,halten,docs/cefr/goethe_a1_wortliste.pdf
Glück,glück,noun,glück,docs/cefr/goethe_a1_wortliste.pdf
Viel,viel,article,viel,docs/cefr/goethe_a1_wortliste.pdf
glücklich,glücklich,adverb,glücklich,docs/cefr/goethe_a1_wortliste.pdf
verheiratet,verheiratet,verb,verheiraten,docs/cefr/goethe_a1_wortliste.pdf
Celsius,celsius,noun,celsius,docs/cefr/goethe_a1_wortliste.pdf
gratulieren,gratulieren,verb,gratulieren,docs/cefr/goethe_a1_wortliste.pdf
grillen,grillen,verb,grillen,docs/cefr/goethe_a1_wortliste.pdf
groß,groß,adverb,groß,docs/cefr/goethe_a1_wortliste.pdf
Größe,größe,noun,größe,docs/cefr/goethe_a1_wortliste.pdf
Großeltern,großeltern,noun,großelter,docs/cefr/goethe_a1_wortliste.pdf
Japan,japan,proper noun,japan,docs/cefr/goethe_a1_wortliste.pdf
Großmutter,großmutter,noun,großmutter,docs/cefr/goethe_a1_wortliste.pdf
Eva,eva,proper noun,eva,docs/cefr/goethe_a1_wortliste.pdf
Großvater,großvater,noun,großvater,docs/cefr/goethe_a1_wortliste.pdf
Gruppe,gruppe,noun,gruppe,docs/cefr/goethe_a1_wortliste.pdf
Grüße,grüße,verb,gruß,docs/cefr/goethe_a1_wortliste.pdf
freundlichen,freundlichen,adjective,freundlich,docs/cefr/goethe_a1_wortliste.pdf
Grüßen,grüßen,noun,grüße,docs/cefr/goethe_a1_wortliste.pdf
gültig,gültig,adverb,gültig,docs/cefr/goethe_a1_wortliste.pdf
Pass,pass,noun,pass,docs/cefr/goethe_a1_wortliste.pdf
günstig,günstig,adverb,günstig,docs/cefr/goethe_a1_wortliste.pdf
günstige,günstige,adjective,günstig,docs/cefr/goethe_a1_wortliste.pdf
Haar,haar,noun,haar,docs/cefr/goethe_a1_wortliste.pdf
Hähnchen,hähnchen,noun,hähnchen,docs/cefr/goethe_a1_wortliste.pdf
Halbpension,halbpension,noun,halbpension,docs/cefr/goethe_a1_wortliste.pdf
Möchten,möchten,noun,möchten,docs/cefr/goethe_a1_wortliste.pdf
Vollpension,vollpension,noun,vollpension,docs/cefr/goethe_a1_wortliste.pdf
Halle,halle,noun,halle,docs/cefr/goethe_a1_wortliste.pdf
hallo,hallo,proper noun,hallo,docs/cefr/goethe_a1_wortliste.pdf
Inge,inge,proper noun,inge,docs/cefr/goethe_a1_wortliste.pdf
Rüdesheim,rüdesheim,proper noun,rüdesheim,docs/cefr/goethe_a1_wortliste.pdf
Haltestelle,haltestelle,noun,haltestelle,docs/cefr/goethe_a1_wortliste.pdf
Hand,hand,noun,hand,docs/cefr/goethe_a1_wortliste.pdf
wohnst,wohnst,proper noun,wohnst,docs/cefr/goethe_a1_wortliste.pdf
Hausaufgabe,hausaufgabe,noun,hausaufgabe,docs/cefr/goethe_a1_wortliste.pdf
Hausfrau,hausfrau,noun,hausfrau,docs/cefr/goethe_a1_wortliste.pdf
Hausmann,hausmann,noun,hausmann,docs/cefr/goethe_a1_wortliste.pdf
wäscht,wäscht,verb,waschen,docs/cefr/goethe_a1_wortliste.pdf
kocht,kocht,verb,kochen,docs/cefr/goethe_a1_wortliste.pdf
kauft,kauft,verb,kaufen,docs/cefr/goethe_a1_wortliste.pdf
Heimat,heimat,noun,heimat,docs/cefr/goethe_a1_wortliste.pdf
Schweiz,schweiz,proper noun,schweiz,docs/cefr/goethe_a1_wortliste.pdf
heiraten,heiraten,verb,heiraten,docs/cefr/goethe_a1_wortliste.pdf
Schwester,schwester,noun,schwester,docs/cefr/goethe_a1_wortliste.pdf
Japaner,japaner,noun,japaner,docs/cefr/goethe_a1_wortliste.pdf
Charlotte,charlotte,proper noun,charlotte,docs/cefr/goethe_a1_wortliste.pdf
Meier,meier,proper noun,meier,docs/cefr/goethe_a1_wortliste.pdf
hell,hell,adverb,hell,docs/cefr/goethe_a1_wortliste.pdf
Herd,herd,noun,herd,docs/cefr/goethe_a1_wortliste.pdf
Küche,küche,noun,küche,docs/cefr/goethe_a1_wortliste.pdf
herzlich,herzlich,adverb,herzlich,docs/cefr/goethe_a1_wortliste.pdf
Pamela,pamela,proper noun,pamela,docs/cefr/goethe_a1_wortliste.pdf
Linke,linke,noun,linke,docs/cefr/goethe_a1_wortliste.pdf
Hilfe,hilfe,noun,hilfe,docs/cefr/goethe_a1_wortliste.pdf
Tür,tür,noun,tür,docs/cefr/goethe_a1_wortliste.pdf
Aussteigen,aussteigen,noun,aussteigen,docs/cefr/goethe_a1_wortliste.pdf
Hobby,hobby,noun,hobby,docs/cefr/goethe_a1_wortliste.pdf
Wandern,wandern,noun,wandern,docs/cefr/goethe_a1_wortliste.pdf
Schwimmen,schwimmen,verb,schwimmen,docs/cefr/goethe_a1_wortliste.pdf
hoch,hoch,adverb,hoch,docs/cefr/goethe_a1_wortliste.pdf
Mount,mount,proper noun,mount,docs/cefr/goethe_a1_wortliste.pdf
Everest,everest,proper noun,everest,docs/cefr/goethe_a1_wortliste.pdf
Hochzeit,hochzeit,noun,hochzeit,docs/cefr/goethe_a1_wortliste.pdf
holen,holen,verb,holen,docs/cefr/goethe_a1_wortliste.pdf
Wasser,wasser,noun,wasser,docs/cefr/goethe_a1_wortliste.pdf
Lied,lied,noun,lied,docs/cefr/goethe_a1_wortliste.pdf
Meer,meer,noun,meer,docs/cefr/goethe_a1_wortliste.pdf
Hund,hund,noun,hund,docs/cefr/goethe_a1_wortliste.pdf
jung,jung,adverb,jung,docs/cefr/goethe_a1_wortliste.pdf
Hunger,hunger,noun,hunger,docs/cefr/goethe_a1_wortliste.pdf
Veronika,veronika,proper noun,veronika,docs/cefr/goethe_a1_wortliste.pdf
ihm,ihm,pronoun,ihm,docs/cefr/goethe_a1_wortliste.pdf
Gib,gib,adverb,gib,docs/cefr/goethe_a1_wortliste.pdf
Ruf,ruf,noun,ruf,docs/cefr/goethe_a1_wortliste.pdf
Bast,bast,proper noun,bast,docs/cefr/goethe_a1_wortliste.pdf
Wiesbaden,wiesbaden,proper noun,wiesbaden,docs/cefr/goethe_a1_wortliste.pdf
Rausch,rausch,noun,rausch,docs/cefr/goethe_a1_wortliste.pdf
Komm,komm,adverb,komm,docs/cefr/goethe_a1_wortliste.pdf
international,international,adverb,international,docs/cefr/goethe_a1_wortliste.pdf
Deutschkurs,deutschkurs,noun,deutschkurs,docs/cefr/goethe_a1_wortliste.pdf
Silvana,silvana,proper noun,silvana,docs/cefr/goethe_a1_wortliste.pdf
Italien,italien,proper noun,italien,docs/cefr/goethe_a1_wortliste.pdf
Conchi,conchi,proper noun,conchi,docs/cefr/goethe_a1_wortliste.pdf
Yin,yin,proper noun,yin,docs/cefr/goethe_a1_wortliste.pdf
China,china,proper noun,china,docs/cefr/goethe_a1_wortliste.pdf
findest,findest,verb,findest,docs/cefr/goethe_a1_wortliste.pdf
Watanabe,watanabe,proper noun,watanabe,docs/cefr/goethe_a1_wortliste.pdf
Ja,ja,particle,ja,docs/cefr/goethe_a1_wortliste.pdf
kalt,kalt,adverb,kalt,docs/cefr/goethe_a1_wortliste.pdf
jedem,jedem,article,jeder,docs/cefr/goethe_a1_wortliste.pdf
Pause,pause,noun,pause,docs/cefr/goethe_a1_wortliste.pdf
Job,job,noun,job,docs/cefr/goethe_a1_wortliste.pdf
Jenny,jenny,proper noun,jenny,docs/cefr/goethe_a1_wortliste.pdf
Jugendliche,jugendliche,noun,jugendliche,docs/cefr/goethe_a1_wortliste.pdf
Claudia,claudia,proper noun,claudia,docs/cefr/goethe_a1_wortliste.pdf
Junge,junge,noun,junge,docs/cefr/goethe_a1_wortliste.pdf
Mädchen,mädchen,noun,mädchen,docs/cefr/goethe_a1_wortliste.pdf
leicht,leicht,adverb,leicht,docs/cefr/goethe_a1_wortliste.pdf
Kredit,kredit,noun,kredit,docs/cefr/goethe_a1_wortliste.pdf
Kartoffel,kartoffel,noun,kartoffel,docs/cefr/goethe_a1_wortliste.pdf
Kasse,kasse,noun,kasse,docs/cefr/goethe_a1_wortliste.pdf
Tim,tim,proper noun,tim,docs/cefr/goethe_a1_wortliste.pdf
Eintrittskarten,eintrittskarten,noun,eintrittskarte,docs/cefr/goethe_a1_wortliste.pdf
kennenlernen,kennenlernen,verb,kennenlernen,docs/cefr/goethe_a1_wortliste.pdf
neu,neu,adverb,neu,docs/cefr/goethe_a1_wortliste.pdf
Laura,laura,proper noun,laura,docs/cefr/goethe_a1_wortliste.pdf
Kiosk,kiosk,noun,kiosk,docs/cefr/goethe_a1_wortliste.pdf
Zigaretten,zigaretten,noun,zigarette,docs/cefr/goethe_a1_wortliste.pdf
klar,klar,adverb,klar,docs/cefr/goethe_a1_wortliste.pdf
Kommst,kommst,proper noun,kommst,docs/cefr/goethe_a1_wortliste.pdf
Klasse,klasse,noun,klasse,docs/cefr/goethe_a1_wortliste.pdf
Schüler,schüler,noun,schüler,docs/cefr/goethe_a1_wortliste.pdf
Jeans,jeans,proper noun,jeans,docs/cefr/goethe_a1_wortliste.pdf
Stock,stock,noun,stock,docs/cefr/goethe_a1_wortliste.pdf
klein,klein,adverb,klein,docs/cefr/goethe_a1_wortliste.pdf
Eltville,eltville,proper noun,eltville,docs/cefr/goethe_a1_wortliste.pdf
Georgi,georgi,proper noun,georgi,docs/cefr/goethe_a1_wortliste.pdf
Koffer,koffer,noun,koffer,docs/cefr/goethe_a1_wortliste.pdf
Kollege,kollege,noun,kollege,docs/cefr/goethe_a1_wortliste.pdf
Kollegin,kollegin,noun,kollegin,docs/cefr/goethe_a1_wortliste.pdf
Woher,woher,conjunction,woher,docs/cefr/goethe_a1_wortliste.pdf
Frankreich,frankreich,proper noun,frankreich,docs/cefr/goethe_a1_wortliste.pdf
Schwimmbad,schwimmbad,noun,schwimmbad,docs/cefr/goethe_a1_wortliste.pdf
Russisch,russisch,adverb,russisch,docs/cefr/goethe_a1_wortliste.pdf
Konto,konto,noun,konto,docs/cefr/goethe_a1_wortliste.pdf
überweisen,überweisen,verb,überweisen,docs/cefr/goethe_a1_wortliste.pdf
Kopf,kopf,noun,kopf,docs/cefr/goethe_a1_wortliste.pdf
viel,viel,pronoun,viel,docs/cefr/goethe_a1_wortliste.pdf
kriegen,kriegen,verb,kriegen,docs/cefr/goethe_a1_wortliste.pdf
Stück,stück,noun,stück,docs/cefr/goethe_a1_wortliste.pdf
Kühlschrank,kühlschrank,noun,kühlschrank,docs/cefr/goethe_a1_wortliste.pdf
Milch,milch,noun,milch,docs/cefr/goethe_a1_wortliste.pdf
kulturell,kulturell,adverb,kulturell,docs/cefr/goethe_a1_wortliste.pdf
interessiert,interessiert,adverb,interessiert,docs/cefr/goethe_a1_wortliste.pdf
Museum,museum,noun,museum,docs/cefr/goethe_a1_wortliste.pdf
kümmern,kümmern,verb,kümmern,docs/cefr/goethe_a1_wortliste.pdf
Mutter,mutter,noun,mutter,docs/cefr/goethe_a1_wortliste.pdf
Ricardo,ricardo,proper noun,ricardo,docs/cefr/goethe_a1_wortliste.pdf
kurzes,kurzes,adjective,kurz,docs/cefr/goethe_a1_wortliste.pdf
lachen,lachen,verb,lachen,docs/cefr/goethe_a1_wortliste.pdf
Laden,laden,noun,laden,docs/cefr/goethe_a1_wortliste.pdf
Buchladen,buchladen,noun,buchladen,docs/cefr/goethe_a1_wortliste.pdf
lang,lang,adverb,lang,docs/cefr/goethe_a1_wortliste.pdf
langsam,langsam,adverb,langsam,docs/cefr/goethe_a1_wortliste.pdf
Könnten,könnten,verb,könnten,docs/cefr/goethe_a1_wortliste.pdf
laufen,laufen,verb,laufen,docs/cefr/goethe_a1_wortliste.pdf
laut,laut,preposition,laut,docs/cefr/goethe_a1_wortliste.pdf
schläft,schläft,verb,schlafen,docs/cefr/goethe_a1_wortliste.pdf
Leben,leben,noun,leben,docs/cefr/goethe_a1_wortliste.pdf
mittel,mittel,noun,mittel,docs/cefr/goethe_a1_wortliste.pdf
Supermarkt,supermarkt,noun,supermarkt,docs/cefr/goethe_a1_wortliste.pdf
Ledig,ledig,proper noun,ledig,docs/cefr/goethe_a1_wortliste.pdf
legen,legen,verb,legen,docs/cefr/goethe_a1_wortliste.pdf
Tisch,tisch,noun,tisch,docs/cefr/goethe_a1_wortliste.pdf
Deutschlehrerin,deutschlehrerin,noun,deutschlehrerin,docs/cefr/goethe_a1_wortliste.pdf
Seid,seid,noun,seid,docs/cefr/goethe_a1_wortliste.pdf
rquez,rquez,adjective,rquezn,docs/cefr/goethe_a1_wortliste.pdf
letzt,letzt,adverb,letzt,docs/cefr/goethe_a1_wortliste.pdf
letzte,letzte,adjective,letzter,docs/cefr/goethe_a1_wortliste.pdf
Kurstag,kurstag,noun,kurstag,docs/cefr/goethe_a1_wortliste.pdf
Disko,disko,noun,disko,docs/cefr/goethe_a1_wortliste.pdf
Liebe,liebe,noun,liebe,docs/cefr/goethe_a1_wortliste.pdf
Susanne,susanne,proper noun,susanne,docs/cefr/goethe_a1_wortliste.pdf
Hans,hans,proper noun,hans,docs/cefr/goethe_a1_wortliste.pdf
lieben,lieben,verb,lieben,docs/cefr/goethe_a1_wortliste.pdf
liebe,liebe,verb,liebe,docs/cefr/goethe_a1_wortliste.pdf
Lieblingsfilm,lieblingsfilm,noun,lieblingsfilm,docs/cefr/goethe_a1_wortliste.pdf
Schwarze,schwarze,noun,schwarze,docs/cefr/goethe_a1_wortliste.pdf
Lieblingslied,lieblingslied,noun,lieblingslied,docs/cefr/goethe_a1_wortliste.pdf
Um,um,conjunction,um,docs/cefr/goethe_a1_wortliste.pdf
Judith,judith,proper noun,judith,docs/cefr/goethe_a1_wortliste.pdf
Main,main,proper noun,main,docs/cefr/goethe_a1_wortliste.pdf
Lkw,lkw,noun,lkw,docs/cefr/goethe_a1_wortliste.pdf
Lastkraftwagen,lastkraftwagen,noun,lastkraftwage,docs/cefr/goethe_a1_wortliste.pdf
Lokal,lokal,noun,lokal,docs/cefr/goethe_a1_wortliste.pdf
lustig,lustig,adverb,lustig,docs/cefr/goethe_a1_wortliste.pdf
Mertens,mertens,proper noun,merten,docs/cefr/goethe_a1_wortliste.pdf
männlich,männlich,adverb,männlich,docs/cefr/goethe_a1_wortliste.pdf
Kreuzen,kreuzen,noun,kreuze,docs/cefr/goethe_a1_wortliste.pdf
weiblich,weiblich,adverb,weiblich,docs/cefr/goethe_a1_wortliste.pdf
Maschine,maschine,noun,maschine,docs/cefr/goethe_a1_wortliste.pdf
Waschmaschine,waschmaschine,noun,waschmaschine,docs/cefr/goethe_a1_wortliste.pdf
Vater,vater,noun,vater,docs/cefr/goethe_a1_wortliste.pdf
meist,meist,adverb,meist,docs/cefr/goethe_a1_wortliste.pdf
meisten,meisten,pronoun,meister,docs/cefr/goethe_a1_wortliste.pdf
Norddeutschen,norddeutschen,noun,norddeutschen,docs/cefr/goethe_a1_wortliste.pdf
Mensch,mensch,noun,mensch,docs/cefr/goethe_a1_wortliste.pdf
anders,anders,adverb,anders,docs/cefr/goethe_a1_wortliste.pdf
mitbringen,mitbringen,verb,mitbringen,docs/cefr/goethe_a1_wortliste.pdf
mitkommen,mitkommen,verb,mitkommen,docs/cefr/goethe_a1_wortliste.pdf
mitmachen,mitmachen,verb,mitmachen,docs/cefr/goethe_a1_wortliste.pdf
Warum,warum,adverb,warum,docs/cefr/goethe_a1_wortliste.pdf
Mitte,mitte,noun,mitte,docs/cefr/goethe_a1_wortliste.pdf
Klassenzimmers,klassenzimmers,noun,klassenzimmer,docs/cefr/goethe_a1_wortliste.pdf
Magst,magst,adverb,magst,docs/cefr/goethe_a1_wortliste.pdf
Tee,tee,noun,tee,docs/cefr/goethe_a1_wortliste.pdf
müde,müde,adverb,müde,docs/cefr/goethe_a1_wortliste.pdf
Mund,mund,noun,mund,docs/cefr/goethe_a1_wortliste.pdf
Öffnen,öffnen,noun,öffnen,docs/cefr/goethe_a1_wortliste.pdf
Berghäuser,berghäuser,noun,berghaus,docs/cefr/goethe_a1_wortliste.pdf
nächst,nächst,adverb,nächst,docs/cefr/goethe_a1_wortliste.pdf
Thomas,thomas,proper noun,thomas,docs/cefr/goethe_a1_wortliste.pdf
Schmidt,schmidt,proper noun,schmidt,docs/cefr/goethe_a1_wortliste.pdf
Vorname,vorname,noun,vorname,docs/cefr/goethe_a1_wortliste.pdf
stimmt,stimmt,verb,stimmen,docs/cefr/goethe_a1_wortliste.pdf
nie,nie,adverb,nie,docs/cefr/goethe_a1_wortliste.pdf
pünktlich,pünktlich,adverb,pünktlich,docs/cefr/goethe_a1_wortliste.pdf
Vielleicht,vielleicht,adverb,vielleicht,docs/cefr/goethe_a1_wortliste.pdf
normal,normal,adverb,normal,docs/cefr/goethe_a1_wortliste.pdf
Hausnummer,hausnummer,noun,hausnummer,docs/cefr/goethe_a1_wortliste.pdf
oben,oben,adverb,oben,docs/cefr/goethe_a1_wortliste.pdf
Obst,obst,noun,obst,docs/cefr/goethe_a1_wortliste.pdf
öffnen,öffnen,verb,öffnen,docs/cefr/goethe_a1_wortliste.pdf
samstags,samstags,adverb,samstags,docs/cefr/goethe_a1_wortliste.pdf
Petra,petra,proper noun,petra,docs/cefr/goethe_a1_wortliste.pdf
Öl,öl,noun,öl,docs/cefr/goethe_a1_wortliste.pdf
Salat,salat,noun,salat,docs/cefr/goethe_a1_wortliste.pdf
tot,tot,adverb,tot,docs/cefr/goethe_a1_wortliste.pdf
Opa,opa,noun,opa,docs/cefr/goethe_a1_wortliste.pdf
Ordnung,ordnung,noun,ordnung,docs/cefr/goethe_a1_wortliste.pdf
Ort,ort,noun,ort,docs/cefr/goethe_a1_wortliste.pdf
Papier,papier,noun,papier,docs/cefr/goethe_a1_wortliste.pdf
dabei,dabei,adverb,dabei,docs/cefr/goethe_a1_wortliste.pdf
Partner,partner,noun,partner,docs/cefr/goethe_a1_wortliste.pdf
Partnerin,partnerin,noun,partnerin,docs/cefr/goethe_a1_wortliste.pdf
Party,party,noun,party,docs/cefr/goethe_a1_wortliste.pdf
Mittagspause,mittagspause,noun,mittagspause,docs/cefr/goethe_a1_wortliste.pdf
Stadtplan,stadtplan,noun,stadtplan,docs/cefr/goethe_a1_wortliste.pdf
Tut,tut,verb,tut,docs/cefr/goethe_a1_wortliste.pdf
leid,leid,noun,leid,docs/cefr/goethe_a1_wortliste.pdf
Messeplatz,messeplatz,noun,messeplatz,docs/cefr/goethe_a1_wortliste.pdf
Postleitzahl,postleitzahl,noun,postleitzahl,docs/cefr/goethe_a1_wortliste.pdf
Praktikum,praktikum,noun,praktikum,docs/cefr/goethe_a1_wortliste.pdf
Siemens,siemens,proper noun,siemens,docs/cefr/goethe_a1_wortliste.pdf
Praxis,praxis,noun,praxis,docs/cefr/goethe_a1_wortliste.pdf
Problem,problem,noun,problem,docs/cefr/goethe_a1_wortliste.pdf
Prospekt,prospekt,noun,prospekt,docs/cefr/goethe_a1_wortliste.pdf
schicken,schicken,verb,schicken,docs/cefr/goethe_a1_wortliste.pdf
Rad,rad,noun,rad,docs/cefr/goethe_a1_wortliste.pdf
Rechnung,rechnung,noun,rechnung,docs/cefr/goethe_a1_wortliste.pdf
Schillerstraße,schillerstraße,proper noun,schillerstraße,docs/cefr/goethe_a1_wortliste.pdf
Regen,regen,noun,regen,docs/cefr/goethe_a1_wortliste.pdf
raus,raus,adverb,raus,docs/cefr/goethe_a1_wortliste.pdf
Reis,reis,noun,reis,docs/cefr/goethe_a1_wortliste.pdf
reisen,reisen,verb,reisen,docs/cefr/goethe_a1_wortliste.pdf
Österreich,österreich,proper noun,österreich,docs/cefr/goethe_a1_wortliste.pdf
Reisebüro,reisebüro,noun,reisebüro,docs/cefr/goethe_a1_wortliste.pdf
Reiseführer,reiseführer,noun,reiseführer,docs/cefr/goethe_a1_wortliste.pdf
reparieren,reparieren,verb,reparieren,docs/cefr/goethe_a1_wortliste.pdf
Reparatur,reparatur,noun,reparatur,docs/cefr/goethe_a1_wortliste.pdf
Rezeption,rezeption,noun,rezeption,docs/cefr/goethe_a1_wortliste.pdf
Habe,habe,verb,habe,docs/cefr/goethe_a1_wortliste.pdf
riechen,riechen,verb,riechen,docs/cefr/goethe_a1_wortliste.pdf
ruhig,ruhig,adverb,ruhig,docs/cefr/goethe_a1_wortliste.pdf
ruhiges,ruhiges,adjective,ruhig,docs/cefr/goethe_a1_wortliste.pdf
Saft,saft,noun,saft,docs/cefr/goethe_a1_wortliste.pdf
Apfelsaft,apfelsaft,noun,apfelsaft,docs/cefr/goethe_a1_wortliste.pdf
Sag,sag,verb,sag,docs/cefr/goethe_a1_wortliste.pdf
Salz,salz,noun,salz,docs/cefr/goethe_a1_wortliste.pdf
Ober,ober,proper noun,ober,docs/cefr/goethe_a1_wortliste.pdf
Satz,satz,noun,satz,docs/cefr/goethe_a1_wortliste.pdf
S-Bahn,s-bahn,noun,s-bahn,docs/cefr/goethe_a1_wortliste.pdf
scheinen,scheinen,verb,scheinen,docs/cefr/goethe_a1_wortliste.pdf
Sonne,sonne,noun,sonne,docs/cefr/goethe_a1_wortliste.pdf
Schild,schild,noun,schild,docs/cefr/goethe_a1_wortliste.pdf
Schinken,schinken,noun,schinken,docs/cefr/goethe_a1_wortliste.pdf
Schinkenbrot,schinkenbrot,proper noun,schinkenbrot,docs/cefr/goethe_a1_wortliste.pdf
meistens,meistens,adverb,meistens,docs/cefr/goethe_a1_wortliste.pdf
schlecht,schlecht,adverb,schlecht,docs/cefr/goethe_a1_wortliste.pdf
schlechtes,schlechtes,adjective,schlecht,docs/cefr/goethe_a1_wortliste.pdf
Schluss,schluss,noun,schluss,docs/cefr/goethe_a1_wortliste.pdf
allen,allen,article,aller,docs/cefr/goethe_a1_wortliste.pdf
Zimmerschlüssel,zimmerschlüssel,noun,zimmerschlüssel,docs/cefr/goethe_a1_wortliste.pdf
Schmeckt,schmeckt,adverb,schmecken,docs/cefr/goethe_a1_wortliste.pdf
Schönen,schönen,noun,schöne,docs/cefr/goethe_a1_wortliste.pdf
Schülerinnen,schülerinnen,noun,schülerin,docs/cefr/goethe_a1_wortliste.pdf
schwer,schwer,adverb,schwer,docs/cefr/goethe_a1_wortliste.pdf
See,see,noun,see,docs/cefr/goethe_a1_wortliste.pdf
Starnberger,starnberger,proper noun,starnberger,docs/cefr/goethe_a1_wortliste.pdf
Sehenswürdigkeit,sehenswürdigkeit,noun,sehenswürdigkeit,docs/cefr/goethe_a1_wortliste.pdf
dreiundzwanzig,dreiundzwanzig,numeral,dreiundzwanzig,docs/cefr/goethe_a1_wortliste.pdf
Fenster,fenster,noun,fenster,docs/cefr/goethe_a1_wortliste.pdf
weg,weg,adverb,weg,docs/cefr/goethe_a1_wortliste.pdf
selbstständig,selbstständig,adverb,selbstständig,docs/cefr/goethe_a1_wortliste.pdf
erst,erst,adverb,erst,docs/cefr/goethe_a1_wortliste.pdf
wär,wär,verb,wär,docs/cefr/goethe_a1_wortliste.pdf
Sofa,sofa,noun,sofa,docs/cefr/goethe_a1_wortliste.pdf
Speisekarte,speisekarte,noun,speisekarte,docs/cefr/goethe_a1_wortliste.pdf
Spielen,spielen,noun,spielen,docs/cefr/goethe_a1_wortliste.pdf
sprichst,sprichst,verb,sprichst,docs/cefr/goethe_a1_wortliste.pdf
Stell,stell,adverb,stell,docs/cefr/goethe_a1_wortliste.pdf
welcher,welcher,pronoun,welcher,docs/cefr/goethe_a1_wortliste.pdf
Straßenbahn,straßenbahn,noun,straßenbahn,docs/cefr/goethe_a1_wortliste.pdf
studieren,studieren,verb,studieren,docs/cefr/goethe_a1_wortliste.pdf
Studium,studium,noun,studium,docs/cefr/goethe_a1_wortliste.pdf
Student,student,noun,student,docs/cefr/goethe_a1_wortliste.pdf
Studentin,studentin,noun,studentin,docs/cefr/goethe_a1_wortliste.pdf
Suchst,suchst,proper noun,suchst,docs/cefr/goethe_a1_wortliste.pdf
Tanzen,tanzen,noun,tanzen,docs/cefr/goethe_a1_wortliste.pdf
Taxi,taxi,noun,taxi,docs/cefr/goethe_a1_wortliste.pdf
morgens,morgens,adverb,morgens,docs/cefr/goethe_a1_wortliste.pdf
Lies,lies,proper noun,lies,docs/cefr/goethe_a1_wortliste.pdf
Ticket,ticket,noun,ticket,docs/cefr/goethe_a1_wortliste.pdf
Katharina,katharina,proper noun,katharina,docs/cefr/goethe_a1_wortliste.pdf
Tomate,tomate,noun,tomate,docs/cefr/goethe_a1_wortliste.pdf
freitags,freitags,adverb,freitags,docs/cefr/goethe_a1_wortliste.pdf
Treppe,treppe,noun,treppe,docs/cefr/goethe_a1_wortliste.pdf
tschüss,tschüss,proper noun,tschüss,docs/cefr/goethe_a1_wortliste.pdf
umziehen,umziehen,verb,umziehen,docs/cefr/goethe_a1_wortliste.pdf
Nächsten,nächsten,noun,nächsten,docs/cefr/goethe_a1_wortliste.pdf
Helmut,helmut,proper noun,helmut,docs/cefr/goethe_a1_wortliste.pdf
unten,unten,adverb,unten,docs/cefr/goethe_a1_wortliste.pdf
unterschreiben,unterschreiben,verb,unterschreiben,docs/cefr/goethe_a1_wortliste.pdf
Unterschrift,unterschrift,noun,unterschrift,docs/cefr/goethe_a1_wortliste.pdf
Arbeiter,arbeiter,noun,arbeiter,docs/cefr/goethe_a1_wortliste.pdf
verboten,verboten,verb,verbieten,docs/cefr/goethe_a1_wortliste.pdf
verdienen,verdienen,verb,verdienen,docs/cefr/goethe_a1_wortliste.pdf
Verein,verein,noun,verein,docs/cefr/goethe_a1_wortliste.pdf
Sportverein,sportverein,noun,sportverein,docs/cefr/goethe_a1_wortliste.pdf
verkaufen,verkaufen,verb,verkaufen,docs/cefr/goethe_a1_wortliste.pdf
Verkäufer,verkäufer,noun,verkäufer,docs/cefr/goethe_a1_wortliste.pdf
Verkäuferin,verkäuferin,noun,verkäuferin,docs/cefr/goethe_a1_wortliste.pdf
Kaufhaus,kaufhaus,noun,kaufhaus,docs/cefr/goethe_a1_wortliste.pdf
vermieten,vermieten,verb,vermieten,docs/cefr/goethe_a1_wortliste.pdf
Vermieter,vermieter,noun,vermieter,docs/cefr/goethe_a1_wortliste.pdf
Huber,huber,proper noun,huber,docs/cefr/goethe_a1_wortliste.pdf
Polen,polen,proper noun,polen,docs/cefr/goethe_a1_wortliste.pdf
Felix,felix,proper noun,felix,docs/cefr/goethe_a1_wortliste.pdf
vorstellen,vorstellen,verb,vorstellen,docs/cefr/goethe_a1_wortliste.pdf
Vorwahl,vorwahl,noun,vorwahl,docs/cefr/goethe_a1_wortliste.pdf
wandern,wandern,verb,wandern,docs/cefr/goethe_a1_wortliste.pdf
Chiemsee,chiemsee,proper noun,chiemsee,docs/cefr/goethe_a1_wortliste.pdf
warum,warum,conjunction,warum,docs/cefr/goethe_a1_wortliste.pdf
weit,weit,adverb,weit,docs/cefr/goethe_a1_wortliste.pdf
weiter,weiter,adverb,weiter,docs/cefr/goethe_a1_wortliste.pdf
welch,welch,adverb,welcher,docs/cefr/goethe_a1_wortliste.pdf
möchtest,möchtest,verb,möchtest,docs/cefr/goethe_a1_wortliste.pdf
Welt,welt,noun,welt,docs/cefr/goethe_a1_wortliste.pdf
wenig,wenig,pronoun,wenig,docs/cefr/goethe_a1_wortliste.pdf
wichtig,wichtig,adverb,wichtig,docs/cefr/goethe_a1_wortliste.pdf
wiederholen,wiederholen,verb,wiederholen,docs/cefr/goethe_a1_wortliste.pdf
Wiederhören,wiederhören,noun,wiederhören,docs/cefr/goethe_a1_wortliste.pdf
willkommen,willkommen,adverb,willkommen,docs/cefr/goethe_a1_wortliste.pdf
Wind,wind,noun,wind,docs/cefr/goethe_a1_wortliste.pdf
Weißt,weißt,verb,weißt,docs/cefr/goethe_a1_wortliste.pdf
wohin,wohin,adverb,wohin,docs/cefr/goethe_a1_wortliste.pdf
wunderbar,wunderbar,adverb,wunderbar,docs/cefr/goethe_a1_wortliste.pdf
zurzeit,zurzeit,noun,zurzeit,docs/cefr/goethe_a1_wortliste.pdf
Öffne,öffne,verb,öffne,docs/cefr/goethe_a1_wortliste.pdf
Schlafzimmer,schlafzimmer,proper noun,schlafzimmer,docs/cefr/goethe_a1_wortliste.pdf
Zoll,zoll,noun,zoll,docs/cefr/goethe_a1_wortliste.pdf
zufrieden,zufrieden,adverb,zufrieden,docs/cefr/goethe_a1_wortliste.pdf
kommst,kommst,verb,kommst,docs/cefr/goethe_a1_wortliste.pdf
Handbuch,handbuch,noun,handbuch,docs/cefr/goethe_a1_wortliste.pdf
Sprachprüfungen,sprachprüfungen,noun,sprachprüfung,docs/cefr/goethe_a1_wortliste.pdf
Prüfungsverfahren,prüfungsverfahren,noun,prüfungsverfahren,docs/cefr/goethe_a1_wortliste.pdf
Hg,hg,proper noun,hg,docs/cefr/goethe_a1_wortliste.pdf
Association,association,noun,association,docs/cefr/goethe_a1_wortliste.pdf
of,of,proper noun,of,docs/cefr/goethe_a1_wortliste.pdf
Testers,testers,proper noun,tester,docs/cefr/goethe_a1_wortliste.pdf
Europe,europe,proper noun,europe,docs/cefr/goethe_a1_wortliste.pdf
Gemeinsamer,gemeinsamer,adverb,gemeinsamer,docs/cefr/goethe_a1_wortliste.pdf
lehren,lehren,verb,lehren,docs/cefr/goethe_a1_wortliste.pdf
urteilen,urteilen,verb,urteilen,docs/cefr/goethe_a1_wortliste.pdf
Auftrag,auftrag,noun,auftrag,docs/cefr/goethe_a1_wortliste.pdf
Rat,rat,noun,rat,docs/cefr/goethe_a1_wortliste.pdf
kulturelle,kulturelle,adjective,kulturell,docs/cefr/goethe_a1_wortliste.pdf
Zusammenarbeit,zusammenarbeit,noun,zusammenarbeit,docs/cefr/goethe_a1_wortliste.pdf
deut,deut,noun,deut,docs/cefr/goethe_a1_wortliste.pdf
sche,sche,verb,sch,docs/cefr/goethe_a1_wortliste.pdf
Ausgabe,ausgabe,noun,ausgabe,docs/cefr/goethe_a1_wortliste.pdf
Ständigen,ständigen,noun,ständig,docs/cefr/goethe_a1_wortliste.pdf
Konferenz,konferenz,noun,konferenz,docs/cefr/goethe_a1_wortliste.pdf
Kultusminister,kultusminister,noun,kultusminister,docs/cefr/goethe_a1_wortliste.pdf
Bundesrepublik,bundesrepublik,noun,bundesrepublik,docs/cefr/goethe_a1_wortliste.pdf
KMK,kmk,proper noun,kmk,docs/cefr/goethe_a1_wortliste.pdf
Kantonalen,kantonalen,proper noun,kantonalen,docs/cefr/goethe_a1_wortliste.pdf
Erziehungs,erziehungs,adverb,erziehungs,docs/cefr/goethe_a1_wortliste.pdf
direktoren,direktoren,proper noun,direktor,docs/cefr/goethe_a1_wortliste.pdf
EDK,edk,proper noun,edk,docs/cefr/goethe_a1_wortliste.pdf
österreichischen,österreichischen,adjective,österreichisch,docs/cefr/goethe_a1_wortliste.pdf
Bundesministerium,bundesministerium,noun,bundesministerium,docs/cefr/goethe_a1_wortliste.pdf
Wissenschaft,wissenschaft,noun,wissenschaft,docs/cefr/goethe_a1_wortliste.pdf
Lernzielbestimmungen,lernzielbestimmungen,noun,lernzielbestimmung,docs/cefr/goethe_a1_wortliste.pdf
Kannbeschreibungen,kannbeschreibungen,noun,kannbeschreibung,docs/cefr/goethe_a1_wortliste.pdf
kommu,kommu,proper noun,kommu,docs/cefr/goethe_a1_wortliste.pdf
nikative,nikative,noun,nikative,docs/cefr/goethe_a1_wortliste.pdf
Niveaustufen,niveaustufen,noun,niveaustuf,docs/cefr/goethe_a1_wortliste.pdf
Referenzrahmens,referenzrahmens,noun,referenzrahmens,docs/cefr/goethe_a1_wortliste.pdf
Manuela,manuela,proper noun,manuela,docs/cefr/goethe_a1_wortliste.pdf
Glaboniat,glaboniat,noun,glaboniat,docs/cefr/goethe_a1_wortliste.pdf
Martin,martin,proper noun,martin,docs/cefr/goethe_a1_wortliste.pdf
Rusch,rusch,proper noun,rusch,docs/cefr/goethe_a1_wortliste.pdf
Helen,helen,proper noun,hele,docs/cefr/goethe_a1_wortliste.pdf
Schmitz,schmitz,proper noun,schmitz,docs/cefr/goethe_a1_wortliste.pdf
Lukas,lukas,proper noun,lukas,docs/cefr/goethe_a1_wortliste.pdf
Wertenschlag,wertenschlag,noun,wertenschlag,docs/cefr/goethe_a1_wortliste.pdf
Langen,langen,proper noun,langen,docs/cefr/goethe_a1_wortliste.pdf
scheidt,scheidt,proper noun,scheidt,docs/cefr/goethe_a1_wortliste.pdf
Waystage,waystage,noun,waystage,docs/cefr/goethe_a1_wortliste.pdf
development,development,proper noun,development,docs/cefr/goethe_a1_wortliste.pdf
adult,adult,proper noun,adult,docs/cefr/goethe_a1_wortliste.pdf
intermediary,intermediary,verb,intermediary,docs/cefr/goethe_a1_wortliste.pdf
below,below,proper noun,below,docs/cefr/goethe_a1_wortliste.pdf
Threshold-Level,threshold-level,noun,threshold-level,docs/cefr/goethe_a1_wortliste.pdf
European,european,proper noun,european,docs/cefr/goethe_a1_wortliste.pdf
modern,modern,adverb,modern,docs/cefr/goethe_a1_wortliste.pdf
van,van,proper noun,van,docs/cefr/goethe_a1_wortliste.pdf
Ek,ek,proper noun,ek,docs/cefr/goethe_a1_wortliste.pdf
Alexander,alexander,proper noun,alexander,docs/cefr/goethe_a1_wortliste.pdf
associ,associ,verb,associ,docs/cefr/goethe_a1_wortliste.pdf
ation,ation,noun,ation,docs/cefr/goethe_a1_wortliste.pdf
Fitzpatrick,fitzpatrick,proper noun,fitzpatrick,docs/cefr/goethe_a1_wortliste.pdf
Strassburg,strassburg,proper noun,strassburg,docs/cefr/goethe_a1_wortliste.pdf
